EmployeeID,FirstName,LastName,Age,Gender,Department,JobTitle,Email,HireDate,Salary
1,Joshua,Hamilton,55,Female,Finance,Lead,joshua.hamilton@example.com,7/15/2017,60384
2,Christy,Chambers,51,Female,IT,Lead,christy.chambers@example.com,12/17/2016,89453
3,Michelle,Palmer,22,Male,Finance,Analyst,michelle.palmer@example.com,11/9/2023,46267
4,Douglas,Padilla,48,Male,Sales,Coordinator,douglas.padilla@example.com,2/18/2022,39128
5,James,Jackson,37,female,Marketing,Lead,james.jackson@example.com,2/20/2016,55562
6,Stephanie ,Dodson,36,Female,IT,Specialist,stephanie.dodson@example.com,6/14/2021,80582
7,Samuel,Brown,41,Male,Finance,Coordinator,samuel.brown@example.com,3/19/2025,46548
8,David,Walsh,21,Female,Finance,Lead,david.walsh@example.com,2/21/2023,45487
9,Victoria,Ramirez,52,male,IT,Engineer,victoria.ramirez@example.com,3/10/2020,81057
10,Aaron,Waters,41,Female,IT,Manager,aaron.waters@example.com,12/2/2023,110741
11,Alisha , Henson,39,Male,Finance,Engineer,alisha.henson@example.com,12/26/2017,105385
12,Patricia,Lowe,51,Male,Operations,Manager,patricia.lowe@example.com,1/2/2021,87492
13,Gavin, Simmons,30,Male,Sales,Analyst,gavin.simmons@example.com,11/8/2019,51710
14,Jennifer , Johnson,55,Male,HR,Specialist,jennifer.johnson@example.com,9/25/2024,39914
15,Joseph,Mueller,49,Male,IT,Engineer,joseph.mueller@example.com,10/7/2022,55779
16,Kristen, Taylor,50,male,Sales,Engineer,kristen.taylor@example.com,8/11/2022,106706
17,Kara,Lee,30,male,Sales,Lead,kara.lee@example.com,6/12/2023,110884
18,Mike, Weber,60,Male,Finance,Lead,mike.weber@example.com,11/28/2020,71001
19,Matthew, Pham,39,male,Marketing,Specialist,matthew.pham@example.com,2/22/2019,36685
20,Amber,Chan,50,male,HR,Lead,amber.chan@example.com,7/6/2025,80611
21,Alexander, Sanders,24,Male,HR,Specialist,alexander.sanders@example.com,1/10/2023,39151
22,Corey, Thompson,53,Female,IT,Lead,corey.thompson@example.com,11/18/2021,66817
23,Pamela,Patterson,33,Female,IT,Analyst,pamela.patterson@example.com,12/30/2016,69129
24,Susan, Haynes,39,Female,Marketing,Manager,susan.haynes@example.com,11/11/2022,74642
25,Melissa, Baker,41,Male,Marketing,Engineer,melissa.baker@example.com,8/20/2023,39543
26,Catherine ,Peterson,38,Male,Marketing,Specialist,catherine.peterson@example.com,8/17/2022,91097
27,Ashlee,Stephens,31,female,Finance,Engineer,ashlee.stephens@example.com,11/8/2024,105464
28,Brian ,Sullivan,56,male,Sales,Engineer,brian.sullivan@example.com,8/23/2018,57617
29,Joshua ,Rodriguez,47,male,IT,Coordinator,joshua.rodriguez@example.com,7/17/2025,115912
30,Monica,Fields,43,Female,Marketing,Engineer,monica.fields@example.com,1/31/2024,69375
31,Mark,Foster,52,Male,Finance,Engineer,mark.foster@example.com,6/8/2023,80681
32,Tracy,Heath,21,female,Sales,Lead,tracy.heath@example.com,3/21/2025,81637
33,Russell,Delgado,53,female,Finance,Coordinator,russell.delgado@example.com,5/10/2017,71795
34,Brenda,Hopkins,52,male,Finance,Lead,brenda.hopkins@example.com,7/16/2018,100745
35,Dwayne,Wilkins,26,female,Marketing,Engineer,dwayne.wilkins@example.com,11/29/2021,82136
36,Tracy,Howard,32,Female,Sales,Manager,tracy.howard@example.com,3/20/2017,59483
37,Kirsten,Phillips,21,male,Sales,Coordinator,kirsten.phillips@example.com,4/21/2020,91987
38,Jon,Boone,36,Female,Operations,Manager,jon.boone@example.com,4/13/2019,105309
39,Annette,Lynch,32,female,Sales,Analyst,annette.lynch@example.com,3/7/2017,89528
40,Keith, Reeves,30,Female,Operations,Lead,keith.reeves@example.com,8/18/2021,39673
41,Theresa ,Edwards,60,Female,Operations,Analyst,theresa.edwards@example.com,5/19/2022,89197
42,Erik,Stevens,50,Female,Sales,Specialist,erik.stevens@example.com,7/10/2023,118867
43,James , Walls,60,Male,Finance,Engineer,james.walls@example.com,1/18/2019,79539
44,Lauren, Taylor,48,male,Marketing,Specialist,lauren.taylor@example.com,3/20/2018,108318
45,Elizabeth, Ward,38,Female,Operations,Manager,elizabeth.ward@example.com,5/30/2020,110671
46,Ricky,Aguirre,40,Male,HR,Analyst,ricky.aguirre@example.com,4/28/2024,89027
47,Michael,Thompson,47,Male,HR,Lead,michael.thompson@example.com,7/19/2025,115944
48,Grant,Lane,44,male,IT,Lead,grant.lane@example.com,6/16/2018,109345
49,Thomas,Leach,22,Female,IT,Engineer,thomas.leach@example.com,4/3/2023,43519
50,Samuel,Ruiz,50,Female,Sales,Manager,samuel.ruiz@example.com,3/8/2018,77092
51,Kristin,Davies,34,female,Sales,Engineer,kristin.davies@example.com,2/6/2019,104127
52,Kimberly, Mann,57,Female,Sales,Lead,kimberly.mann@example.com,7/4/2016,59212
53,Mary,Fisher,38,male,Marketing,Engineer,mary.fisher@example.com,12/15/2015,36185
54,Jessica,Mcmillan,51,male,IT,Manager,jessica.mcmillan@example.com,12/2/2017,35336
55,James,Wright,48,Female,IT,Specialist,james.wright@example.com,5/17/2023,72803
56,Victor,Anderson,56,Male,HR,Analyst,victor.anderson@example.com,8/8/2020,50303
57,Carolyn,Edwards,58,male,Marketing,Analyst,carolyn.edwards@example.com,10/10/2016,79555
58,Charles,Rhodes,53,Female,IT,Lead,charles.rhodes@example.com,8/18/2024,101289
59,Gregory,Morgan,37,female,Finance,Manager,gregory.morgan@example.com,11/29/2020,96899
60,Brittney,Johnson,33,Female,HR,Specialist,brittney.johnson@example.com,1/15/2016,107950
61,Miranda, Alexander,46,male,Operations,Specialist,miranda.alexander@example.com,4/17/2017,71345
62,Amy,George,51,Male,IT,Lead,amy.george@example.com,1/21/2024,81081
63,Brian ,Coleman,40,Male,Marketing,Lead,brian.coleman@example.com,10/8/2018,82402
64,Brenda,Gonzalez,46,Male,HR,Specialist,brenda.gonzalez@example.com,9/30/2022,115050
65,Deborah,Cruz,50,female,Marketing,Manager,deborah.cruz@example.com,6/23/2024,119770
66,Adam,Vasquez,23,male,Finance,Engineer,adam.vasquez@example.com,3/11/2024,87307
67,Suzanne ,Chambers,26,Male,Finance,Analyst,suzanne.chambers@example.com,12/10/2022,88705
68,Maria ,Wilson,30,Male,IT,Specialist,maria.wilson@example.com,2/15/2018,72971
69,Jasmine,Sanchez,30,Female,IT,Lead,jasmine.sanchez@example.com,4/14/2024,63672
70,Rachel,Hernandez,43,Male,Marketing,Engineer,rachel.hernandez@example.com,10/29/2024,74651
71,Jack ,Reynolds,29,Male,Operations,Manager,jack.reynolds@example.com,12/23/2016,108898
72,James ,Castillo,58,Female,Finance,Specialist,james.castillo@example.com,12/18/2020,52476
73,Jeffrey,Brown,52,Female,Sales,Manager,jeffrey.brown@example.com,2/5/2022,39266
74,Robert,Gibbs,36,Female,Finance,Lead,robert.gibbs@example.com,8/14/2016,115504
75,William ,Allison,30,male,HR,Analyst,william.allison@example.com,4/25/2023,63519
76,Rachel, Knapp,42,Male,Marketing,Specialist,rachel.knapp@example.com,11/10/2018,102031
77,Laura, Jackson,54,female,HR,Specialist,laura.jackson@example.com,10/3/2017,45230
78,Bradley , Mullins,35,Male,Sales,Lead,bradley.mullins@example.com,4/27/2017,68825
79,Ashley, Richards,58,female,HR,Coordinator,ashley.richards@example.com,12/6/2023,71630
80,James ,Thompson,52,female,Marketing,Specialist,james.thompson@example.com,12/5/2023,82893
81,Christopher ,Durham,26,male,Finance,Coordinator,christopher.durham@example.com,12/15/2018,64707
82,Gregory,Peterson,21,Male,Marketing,Specialist,gregory.peterson@example.com,1/24/2017,98312
83,Crystal, Walker,44,male,IT,Analyst,crystal.walker@example.com,11/22/2019,46360
84,Julia,Johnson,39,male,Marketing,Analyst,julia.johnson@example.com,6/22/2019,84671
85,Luis,Stevenson,32,Female,Sales,Engineer,luis.stevenson@example.com,8/24/2017,58034
86,Patrick,Romero,48,female,Marketing,Analyst,patrick.romero@example.com,1/8/2018,117782
87,Richard,Jefferson,56,Male,Sales,Specialist,richard.jefferson@example.com,11/21/2018,77220
88,Joy,Thornton,52,Male,Sales,Coordinator,joy.thornton@example.com,3/16/2022,77774
89,Amanda,Gregory,22,Female,Finance,Coordinator,amanda.gregory@example.com,6/19/2023,92470
90,Stacey , Turner,21,Male,Operations,Lead,stacey.turner@example.com,12/24/2021,55623
91,Erin,Harvey,42,Female,Sales,Manager,erin.harvey@example.com,11/18/2016,102686
92,Sherry ,Moore,24,male,HR,Analyst,sherry.moore@example.com,3/22/2022,85466
93,Christine, Nelson,30,Female,Marketing,Manager,christine.nelson@example.com,7/21/2019,104350
94,Michael,Green,47,Female,Operations,Manager,michael.green@example.com,7/11/2024,84635
95,Brandy ,Dixon,40,Male,Finance,Manager,brandy.dixon@example.com,11/26/2024,115511
96,Michael,Harris,56,female,HR,Specialist,michael.harris@example.com,2/19/2024,40534
97,Jimmy,Velazquez,22,Male,Finance,Specialist,jimmy.velazquez@example.com,3/1/2020,77982
98,Shannon,Gomez,32,Male,Sales,Analyst,shannon.gomez@example.com,7/11/2020,102787
99,Hector,Kaufman,24,male,Operations,Coordinator,hector.kaufman@example.com,10/18/2021,57085
100,Sarah, King,28,Male,Marketing,Engineer,sarah.king@example.com,10/23/2021,56061
101,Evan,Phelps,45,Male,IT,Coordinator,evan.phelps@example.com,10/30/2019,106717
102,Charlotte,Martinez,28,Male,HR,Analyst,charlotte.martinez@example.com,5/17/2018,108803
103,Joshua,Kline,41,Female,HR,Analyst,joshua.kline@example.com,5/14/2017,116833
104,Robert,Perry,59,male,HR,Engineer,robert.perry@example.com,2/18/2018,78470
105,Sharon,Garza,54,Male,Sales,Engineer,sharon.garza@example.com,3/3/2025,51461
106,Alicia , Robinson,34,Female,Operations,Engineer,alicia.robinson@example.com,9/29/2024,39813
107,Catherine, May,29,female,Sales,Analyst,catherine.may@example.com,3/30/2022,101195
108,Alison,Preston,56,female,Sales,Specialist,alison.preston@example.com,9/16/2019,62052
109,Brandon, Williams,53,female,Sales,Specialist,brandon.williams@example.com,6/4/2025,77238
110,Joseph,Munoz,48,female,Operations,Analyst,joseph.munoz@example.com,6/16/2021,46671
111,Alexander,Martinez,35,Female,Finance,Analyst,alexander.martinez@example.com,10/29/2020,112400
112,Wayne ,Hicks,47,female,Marketing,Lead,wayne.hicks@example.com,1/4/2017,78908
113,Misty,Williams,40,Female,Finance,Manager,misty.williams@example.com,1/21/2023,96994
114,Melanie,Bauer,47,Female,Marketing,Engineer,melanie.bauer@example.com,9/17/2018,110583
115,Stacey, Neal,24,male,Marketing,Manager,stacey.neal@example.com,3/11/2019,39214
116,Susan, Deleon,57,Female,Operations,Manager,susan.deleon@example.com,11/23/2018,44081
117,Richard,Stafford,29,Male,Finance,Lead,richard.stafford@example.com,10/18/2021,71421
118,Ryan,Obrien,25,Male,Finance,Analyst,ryan.obrien@example.com,12/29/2016,90969
119,Danny,Green,58,Female,IT,Lead,danny.green@example.com,8/18/2025,72975
120,Victoria ,Harris,47,Male,Sales,Manager,victoria.harris@example.com,8/13/2019,81466
121,Phillip ,Lowery,34,Male,Finance,Lead,phillip.lowery@example.com,5/17/2020,74756
122,Michelle,Murphy,27,Male,Finance,Lead,michelle.murphy@example.com,1/19/2022,107211
123,Michael,Shepherd,39,Female,IT,Coordinator,michael.shepherd@example.com,4/2/2023,117893
124,Molly,Mills,50,Male,Finance,Coordinator,molly.mills@example.com,10/2/2016,36379
125,Emily,Lee,34,Female,Marketing,Analyst,emily.lee@example.com,1/27/2021,98559
126,Suzanne,Rasmussen,47,Female,Marketing,Analyst,suzanne.rasmussen@example.com,2/10/2025,54828
127,Olivia ,Johnson,27,male,IT,Specialist,olivia.johnson@example.com,11/5/2020,100427
128,Christina,Travis,49,Female,Finance,Coordinator,christina.travis@example.com,3/23/2024,114769
129,Darlene , Oliver,57,Male,HR,Engineer,darlene.oliver@example.com,12/23/2023,51820
130,Michael,Wright,40,Male,Sales,Engineer,michael.wright@example.com,8/18/2023,89420
131,Allison,Dudley,59,Male,Sales,Analyst,allison.dudley@example.com,10/18/2018,86620
132,Christina,Mckinney,40,Female,Marketing,Specialist,christina.mckinney@example.com,12/2/2021,105611
133,Daniel,Saunders,43,Female,Operations,Manager,daniel.saunders@example.com,12/24/2015,87060
134,Dawn, Washington,28,Male,Marketing,Lead,dawn.washington@example.com,4/30/2016,85609
135,Jose,Barnett,38,Male,Finance,Specialist,jose.barnett@example.com,2/7/2023,99240
136,Scott,Welch,42,Male,Marketing,Engineer,scott.welch@example.com,12/16/2015,60955
137,Jason,Larson,37,Male,Marketing,Analyst,jason.larson@example.com,3/19/2022,102376
138,Emma ,Wheeler,57,Female,Sales,Analyst,emma.wheeler@example.com,1/5/2020,56067
139,Dominique,Hurst,32,Female,HR,Analyst,dominique.hurst@example.com,11/29/2022,49905
140,William,Rodriguez,42,female,IT,Specialist,william.rodriguez@example.com,12/30/2023,51229
141,Ryan ,Ayala,31,Female,Sales,Analyst,ryan.ayala@example.com,12/1/2017,48559
142,Wendy,Cross,35,Female,Finance,Engineer,wendy.cross@example.com,3/8/2016,42165
143,Madeline,Hanna,33,Female,HR,Lead,madeline.hanna@example.com,10/11/2022,55618
144,Peggy,Martin,25,Male,IT,Analyst,peggy.martin@example.com,1/16/2018,92565
145,Patricia, Olson,28,Female,HR,Coordinator,patricia.olson@example.com,8/13/2020,107428
146,Joshua,Smith,24,male,Operations,Engineer,joshua.smith@example.com,6/17/2020,81525
147,Brian ,Zimmerman,39,Female,Finance,Analyst,brian.zimmerman@example.com,7/10/2017,104965
148,Mark, Hayes,52,Male,Operations,Specialist,mark.hayes@example.com,9/25/2024,47407
149,William,Tran,28,Male,Operations,Analyst,william.tran@example.com,12/25/2015,78381
150,Justin,Bryant,41,Female,Marketing,Analyst,justin.bryant@example.com,8/20/2025,74763
151,Dawn,Mckinney,42,male,Finance,Coordinator,dawn.mckinney@example.com,7/29/2017,102248
152,Tracy,Jones,33,Male,IT,Lead,tracy.jones@example.com,4/15/2025,90584
153,Darrell,Jones,37,female,Finance,Engineer,darrell.jones@example.com,11/6/2025,113595
154,Corey,Chambers,22,Male,IT,Manager,corey.chambers@example.com,4/10/2024,110018
155,Robert ,Clark,38,Female,Finance,Manager,robert.clark@example.com,9/14/2022,110334
156,Pamela,Drake,48,male,HR,Lead,pamela.drake@example.com,11/10/2024,78265
157,Michael , Williams,29,Female,IT,Specialist,michael.williams@example.com,4/2/2022,114155
158,Lynn,Smith,52,Male,Operations,Analyst,lynn.smith@example.com,5/31/2018,57771
159,Amy,Chapman,24,Male,Sales,Engineer,amy.chapman@example.com,10/10/2025,115317
160,April,Yates,31,Male,Finance,Manager,april.yates@example.com,11/13/2023,119046
161,Kevin,Burke,59,Male,Operations,Analyst,kevin.burke@example.com,1/22/2018,47510
162,Luis ,Zhang,55,female,Operations,Lead,luis.zhang@example.com,6/16/2022,61731
163,Brandon,Huber,51,Female,Operations,Specialist,brandon.huber@example.com,6/3/2017,77588
164,Matthew,Henderson,45,Female,Finance,Analyst,matthew.henderson@example.com,12/4/2020,117297
165,Michelle,Rodriguez,51,Female,Marketing,Manager,michelle.rodriguez@example.com,3/11/2016,82595
166,Robin,Ruiz,25,Male,Sales,Lead,robin.ruiz@example.com,11/6/2018,69328
167,Brandi ,Mays,60,Male,Finance,Analyst,brandi.mays@example.com,8/22/2025,117268
168,Luis, Mckenzie,25,Female,Sales,Analyst,luis.mckenzie@example.com,3/19/2019,54569
169,Sharon, Schneider,29,female,IT,Specialist,sharon.schneider@example.com,11/17/2024,81428
170,Scott, Barrera,51,Male,Operations,Analyst,scott.barrera@example.com,6/19/2020,115630
171,Brenda,Horton,44,Female,Sales,Analyst,brenda.horton@example.com,1/8/2023,37943
172,Dawn,Green,57,Male,HR,Lead,dawn.green@example.com,11/30/2021,63522
173,Adam, Fritz,25,female,IT,Analyst,adam.fritz@example.com,10/20/2020,75612
174,John, Wagner,38,Male,Operations,Specialist,john.wagner@example.com,9/26/2019,54732
175,Kimberly, Williams,47,Male,Marketing,Lead,kimberly.williams@example.com,6/24/2025,95477
176,Erica, Jones,49,Male,IT,Analyst,erica.jones@example.com,8/23/2022,96292
177,Jeffery,Myers,25,Female,Operations,Engineer,jeffery.myers@example.com,7/22/2018,90728
178,Timothy,Henry,32,Male,HR,Coordinator,timothy.henry@example.com,4/8/2018,116473
179,Jeremy, Baldwin,36,female,Finance,Coordinator,jeremy.baldwin@example.com,12/5/2024,89311
180,Leah,Poole,23,female,Sales,Analyst,leah.poole@example.com,3/28/2019,109817
181,Shannon ,Sanders,44,Male,IT,Lead,shannon.sanders@example.com,8/21/2020,105807
182,Nicholas,Marquez,30,Female,Sales,Engineer,nicholas.marquez@example.com,7/16/2018,116024
183,Richard,Martin,39,Male,IT,Specialist,richard.martin@example.com,10/1/2023,81281
184,Anna ,Smith,49,Female,IT,Manager,anna.smith@example.com,4/5/2024,66437
185,Erica,May,25,Male,IT,Analyst,erica.may@example.com,5/2/2016,111936
186,Michelle , Hamilton,60,female,Sales,Analyst,michelle.hamilton@example.com,9/3/2016,88186
187,Kevin ,Jacobs,51,male,Finance,Specialist,kevin.jacobs@example.com,8/25/2025,68539
188,Joseph, Williams,51,female,Marketing,Coordinator,joseph.williams@example.com,11/21/2020,77641
189,Jennifer , Rodriguez,24,Female,Marketing,Manager,jennifer.rodriguez@example.com,8/19/2016,75785
190,Cory,Stone,33,male,Operations,Lead,cory.stone@example.com,3/18/2018,113623
191,Jennifer,Anderson,58,Female,Finance,Analyst,jennifer.anderson@example.com,6/13/2024,56945
192,Zoe,Drake,22,female,Operations,Manager,zoe.drake@example.com,8/19/2025,113871
193,Chris,Wagner,30,Female,Sales,Manager,chris.wagner@example.com,9/30/2019,94108
194,Lisa,Brooks,48,Female,IT,Engineer,lisa.brooks@example.com,10/10/2024,63883
195,Cody,Davis,45,Female,HR,Analyst,cody.davis@example.com,1/10/2016,57700
196,Megan,Manning,43,Female,HR,Lead,megan.manning@example.com,11/20/2023,104088
197,Monica,Moore,53,Female,IT,Engineer,monica.moore@example.com,4/19/2018,66291
198,Ryan,Salinas,25,Female,Marketing,Specialist,ryan.salinas@example.com,3/7/2020,104157
199,Aaron,Edwards,30,Female,Finance,Manager,aaron.edwards@example.com,11/18/2016,58756
200,Corey ,Johnson,59,male,Marketing,Manager,corey.johnson@example.com,8/19/2022,42382
201,Shelly,Jones,40,female,HR,Coordinator,shelly.jones@example.com,3/16/2025,85234
202,Ryan,Reeves,50,male,Marketing,Analyst,ryan.reeves@example.com,9/19/2021,62660
203,John,Taylor,40,Male,Operations,Analyst,john.taylor@example.com,7/9/2020,85079
204,Daniel,Robinson,54,Female,Finance,Engineer,daniel.robinson@example.com,9/18/2023,103414
205,Jacob , Lane,28,Male,Finance,Lead,jacob.lane@example.com,12/26/2016,63298
206,John,Roberts,50,Male,Sales,Coordinator,john.roberts@example.com,7/30/2018,41212
207,Kristina,Shannon,57,male,IT,Analyst,kristina.shannon@example.com,6/30/2022,78757
208,Cody, Jordan,48,female,IT,Lead,cody.jordan@example.com,4/29/2025,44553
209,Dwayne,Perez,28,Male,Marketing,Lead,dwayne.perez@example.com,12/7/2020,36449
210,Ernest,Key,23,female,IT,Engineer,ernest.key@example.com,3/11/2017,91183
211,Tammy,Taylor,42,Male,Finance,Specialist,tammy.taylor@example.com,10/18/2021,59558
212,Samantha,Marshall,37,Female,Finance,Engineer,samantha.marshall@example.com,12/31/2023,57006
213,Allison,Smith,22,Female,Marketing,Manager,allison.smith@example.com,2/28/2016,66564
214,Emma, Morales,46,female,IT,Lead,emma.morales@example.com,2/22/2023,107574
215,Daniel,Aguirre,53,Female,Marketing,Analyst,daniel.aguirre@example.com,2/23/2022,72079
216,Melinda,White,44,Male,Marketing,Manager,melinda.white@example.com,12/4/2022,53788
217,Marcus,Macias,54,Male,IT,Lead,marcus.macias@example.com,7/3/2018,46680
218,Joseph,Andrade,46,Female,HR,Analyst,joseph.andrade@example.com,10/29/2016,44946
219,Eugene,Turner,48,male,Marketing,Coordinator,eugene.turner@example.com,5/2/2020,63975
220,Billy,Clements,23,Male,Finance,Analyst,billy.clements@example.com,10/22/2023,82317
221,Kathleen,Fitzpatrick,52,Male,Marketing,Coordinator,kathleen.fitzpatrick@example.com,12/18/2021,110693
222,Christine, Garcia,51,Female,Finance,Specialist,christine.garcia@example.com,4/13/2018,71483
223,Jennifer,Lee,60,female,Operations,Analyst,jennifer.lee@example.com,12/23/2024,41619
224,Caitlin,May,41,Male,Operations,Engineer,caitlin.may@example.com,10/25/2021,94825
225,Alicia,Perry,32,Female,IT,Manager,alicia.perry@example.com,4/27/2021,112781
226,Michelle,Patterson,40,Male,Finance,Coordinator,michelle.patterson@example.com,8/13/2023,75445
227,Lisa,Gamble,58,Female,Operations,Analyst,lisa.gamble@example.com,9/15/2021,45008
228,Tiffany,Tran,26,Male,IT,Analyst,tiffany.tran@example.com,2/6/2019,61277
229,Amy ,Freeman,37,male,Marketing,Coordinator,amy.freeman@example.com,8/28/2018,63521
230,Kristi,Gonzalez,39,Female,Marketing,Engineer,kristi.gonzalez@example.com,5/28/2025,48589
231,Michael, Webster,27,Female,Sales,Engineer,michael.webster@example.com,6/3/2017,115208
232,Brandy ,Austin,25,male,HR,Engineer,brandy.austin@example.com,7/8/2023,70290
233,Benjamin,Jones,35,Male,IT,Lead,benjamin.jones@example.com,10/20/2017,71173
234,Richard,Carroll,58,male,IT,Specialist,richard.carroll@example.com,6/15/2025,60133
235,Justin,Pierce,54,Male,Operations,Manager,justin.pierce@example.com,8/1/2017,70502
236,Jennifer,Matthews,24,Male,IT,Engineer,jennifer.matthews@example.com,12/30/2015,118847
237,Glenn,Thompson,31,female,Operations,Coordinator,glenn.thompson@example.com,11/29/2019,48764
238,Deanna,Barron,47,Female,Finance,Coordinator,deanna.barron@example.com,5/24/2024,46456
239,Tina,Cervantes,25,Male,Marketing,Coordinator,tina.cervantes@example.com,2/17/2016,72953
240,Colin,Moore,25,Female,Sales,Specialist,colin.moore@example.com,12/31/2017,43479
241,Julie ,White,28,Female,HR,Manager,julie.white@example.com,1/11/2016,88805
242,Samantha ,Humphrey,30,Female,Operations,Engineer,samantha.humphrey@example.com,5/8/2017,119991
243,Melissa ,Benson,57,Male,HR,Manager,melissa.benson@example.com,7/1/2024,68037
244,Calvin,Alvarado,23,Male,Operations,Coordinator,calvin.alvarado@example.com,1/27/2024,67352
245,James ,Scott,24,Female,Marketing,Lead,james.scott@example.com,8/2/2017,74108
246,Jessica ,Garcia,52,Female,HR,Lead,jessica.garcia@example.com,7/11/2021,40877
247,Yolanda,Parker,21,male,Finance,Manager,yolanda.parker@example.com,7/31/2025,102497
248,Eric, Wood,54,Male,Operations,Engineer,eric.wood@example.com,5/29/2017,111337
249,Kelly,Jones,26,Male,IT,Engineer,kelly.jones@example.com,3/6/2016,102279
250,Sandra,Cobb,26,Male,IT,Specialist,sandra.cobb@example.com,8/31/2016,112257
251,Michelle ,Short,28,male,Finance,Lead,michelle.short@example.com,6/30/2017,55273
252,Cory ,Hernandez,46,Male,IT,Coordinator,cory.hernandez@example.com,11/8/2016,49325
253,Meagan,Green,23,Male,Marketing,Lead,meagan.green@example.com,11/16/2018,61622
254,Natalie,Robinson,27,Female,Sales,Coordinator,natalie.robinson@example.com,12/21/2017,89286
255,Lauren, Smith,57,Female,Operations,Analyst,lauren.smith@example.com,6/6/2018,38291
256,Chad,Flynn,38,Female,Marketing,Engineer,chad.flynn@example.com,5/28/2023,52545
257,Robin,Green,30,female,IT,Analyst,robin.green@example.com,5/15/2018,42514
258,Allison,Murphy,43,Female,Sales,Engineer,allison.murphy@example.com,12/29/2023,42353
259,Suzanne , Palmer,38,Female,Marketing,Lead,suzanne.palmer@example.com,8/13/2023,119216
260,Anne ,Adkins,59,Male,Marketing,Manager,anne.adkins@example.com,10/3/2023,59973
261,Suzanne , Wallace,59,Female,Finance,Lead,suzanne.wallace@example.com,10/28/2025,97157
262,Evan, Woods,46,Female,Sales,Analyst,evan.woods@example.com,3/27/2020,101537
263,Cody, Kelly,38,female,Marketing,Lead,cody.kelly@example.com,12/7/2023,97995
264,David,Lam,54,Female,Operations,Coordinator,david.lam@example.com,9/6/2025,74068
265,Daniel,Garcia,38,Male,IT,Lead,daniel.garcia@example.com,6/13/2021,80929
266,Joseph, Christensen,41,Female,Operations,Engineer,joseph.christensen@example.com,9/30/2019,56871
267,Jacqueline,Simmons,35,Male,HR,Lead,jacqueline.simmons@example.com,4/13/2024,88569
268,Amy,Nicholson,28,Male,Finance,Lead,amy.nicholson@example.com,7/29/2017,45815
269,Steven,Goodman,48,Male,HR,Coordinator,steven.goodman@example.com,12/5/2018,41072
270,Ronald,Morris,33,Female,IT,Manager,ronald.morris@example.com,12/4/2017,49499
271,Darrell , Ross,32,female,HR,Engineer,darrell.ross@example.com,2/13/2019,48089
272,Megan,Thompson,51,Female,IT,Lead,megan.thompson@example.com,11/17/2021,53817
273,Vanessa,Hayes,35,Male,Finance,Manager,vanessa.hayes@example.com,10/17/2023,59683
274,Justin,Hughes,42,male,IT,Coordinator,justin.hughes@example.com,9/15/2018,87147
275,Patricia,Johnson,59,female,Operations,Coordinator,patricia.johnson@example.com,9/14/2022,52005
276,Seth , Palmer,37,Female,IT,Lead,seth.palmer@example.com,1/29/2020,104243
277,John,Hardy,33,Female,HR,Analyst,john.hardy@example.com,11/11/2022,112565
278,Joseph,Higgins,54,male,Sales,Coordinator,joseph.higgins@example.com,7/6/2017,101856
279,Rebecca,Williams,40,Male,Sales,Manager,rebecca.williams@example.com,8/12/2023,113810
280,Kristen,Briggs,33,Male,Sales,Coordinator,kristen.briggs@example.com,4/29/2025,60320
281,Edward ,Campos,46,Female,IT,Lead,edward.campos@example.com,7/11/2019,116762
282,Krystal ,Mason,34,female,IT,Engineer,krystal.mason@example.com,2/8/2017,73027
283,Leslie ,Bailey,55,male,HR,Lead,leslie.bailey@example.com,9/18/2024,104322
284,Samantha,Rodriguez,54,Male,HR,Engineer,samantha.rodriguez@example.com,7/10/2019,76027
285,Matthew, Cline,52,male,Sales,Manager,matthew.cline@example.com,12/11/2015,48161
286,Christy,Harris,30,Female,Operations,Engineer,christy.harris@example.com,7/3/2018,76342
287,Sheila,Lynch,50,Male,Finance,Engineer,sheila.lynch@example.com,9/28/2021,99399
288,Valerie ,Snyder,39,Male,IT,Lead,valerie.snyder@example.com,6/1/2018,94127
289,Dawn,Walter,29,Female,HR,Lead,dawn.walter@example.com,4/12/2020,107507
290,William,Evans,39,female,HR,Analyst,william.evans@example.com,5/1/2024,102568
291,David ,Fowler,44,male,Finance,Analyst,david.fowler@example.com,5/29/2016,46045
292,Richard , Gonzalez,46,Male,Sales,Lead,richard.gonzalez@example.com,3/19/2020,103629
293,Susan ,Dudley,36,Male,IT,Engineer,susan.dudley@example.com,7/18/2019,100119
294,Kerri,Nunez,21,Male,HR,Coordinator,kerri.nunez@example.com,8/12/2019,108035
295,Amber,Long,29,Male,Marketing,Lead,amber.long@example.com,11/9/2022,94460
296,Nancy, Thomas,52,male,HR,Analyst,nancy.thomas@example.com,5/19/2020,88974
297,Brenda, Reynolds,21,Female,Finance,Manager,brenda.reynolds@example.com,7/12/2017,107071
298,Matthew ,Baker,45,Male,Operations,Coordinator,matthew.baker@example.com,2/28/2024,35889
299,Jenny,Martinez,24,male,Finance,Analyst,jenny.martinez@example.com,4/30/2020,108368
300,William,Lane,30,Male,HR,Coordinator,william.lane@example.com,10/15/2018,77487
301,Andrew,Barrett,41,Female,Marketing,Specialist,andrew.barrett@example.com,1/19/2020,115035
302,John,Cortez,33,Male,IT,Manager,john.cortez@example.com,6/25/2020,42181
303,Carly ,Rowe,59,Male,Marketing,Specialist,carly.rowe@example.com,4/6/2022,76286
304,Lisa,Thomas,30,female,Finance,Analyst,lisa.thomas@example.com,7/16/2018,98486
305,Natalie,Carter,38,Female,IT,Analyst,natalie.carter@example.com,7/19/2019,61462
306,Heather,Rodriguez,55,Male,HR,Lead,heather.rodriguez@example.com,6/16/2017,105603
307,Pamela ,Farley,44,Male,Operations,Specialist,pamela.farley@example.com,5/21/2019,56995
308,Christopher, Johnson,23,Male,Finance,Manager,christopher.johnson@example.com,11/30/2021,91543
309,Shelia,Rush,39,Female,Finance,Specialist,shelia.rush@example.com,5/6/2021,73840
310,Barbara,Richmond,47,Female,Marketing,Engineer,barbara.richmond@example.com,1/24/2021,58875
311,Logan,Ashley,34,Male,Finance,Engineer,logan.ashley@example.com,3/10/2023,113761
312,Regina,Gomez,22,Male,Sales,Coordinator,regina.gomez@example.com,2/22/2017,70051
313,Kerry , Garcia,58,Male,Finance,Specialist,kerry.garcia@example.com,5/28/2022,69257
314,Crystal, Richards,42,Female,Operations,Analyst,crystal.richards@example.com,7/29/2018,54470
315,David ,Edwards,21,Male,Finance,Analyst,david.edwards@example.com,3/23/2023,37090
316,Janet,Price,24,Male,IT,Specialist,janet.price@example.com,1/10/2023,117650
317,Angela,Reyes,33,Female,IT,Manager,angela.reyes@example.com,4/22/2021,55268
318,Nathaniel, Holmes,24,Male,IT,Specialist,nathaniel.holmes@example.com,7/4/2023,88548
319,Doris, Campbell,31,female,Operations,Analyst,doris.campbell@example.com,4/21/2019,86518
320,Mary,Carson,32,Male,Operations,Engineer,mary.carson@example.com,7/5/2021,87721
321,Kristen,Henderson,54,Female,Marketing,Specialist,kristen.henderson@example.com,5/28/2018,68986
322,Anna,Campbell,21,Female,Finance,Specialist,anna.campbell@example.com,2/28/2024,35229
323,William ,Harper,24,Male,Finance,Analyst,william.harper@example.com,5/27/2017,111690
324,Andrew,Anderson,39,Female,Operations,Manager,andrew.anderson@example.com,7/3/2017,70036
325,Joseph,Camacho,56,Male,Sales,Coordinator,joseph.camacho@example.com,10/26/2017,105207
326,Scott,Paul,49,male,Sales,Lead,scott.paul@example.com,7/6/2023,49963
327,Deborah,Holmes,31,Female,IT,Manager,deborah.holmes@example.com,11/20/2016,36434
328,Christopher,Hawkins,43,Male,Sales,Coordinator,christopher.hawkins@example.com,5/17/2022,57863
329,Linda,Christian,57,Male,HR,Manager,linda.christian@example.com,4/6/2023,49369
330,Thomas ,Martin,22,Male,Finance,Specialist,thomas.martin@example.com,9/11/2023,105092
331,Jennifer ,Williams,55,Male,Sales,Specialist,jennifer.williams@example.com,11/26/2016,110262
332,Carmen,Stevens,52,Female,IT,Lead,carmen.stevens@example.com,10/3/2017,101076
333,Heather,Harper,21,Male,Sales,Lead,heather.harper@example.com,4/10/2019,97782
334,Felicia,Spencer,50,Male,Sales,Engineer,felicia.spencer@example.com,7/25/2021,47107
335,Marissa, Greer,46,Male,Operations,Engineer,marissa.greer@example.com,12/9/2016,93676
336,Yesenia,Medina,35,female,IT,Engineer,yesenia.medina@example.com,1/13/2020,67554
337,Adam,Simmons,33,Female,Sales,Lead,adam.simmons@example.com,5/9/2018,73086
338,Daniel,Martinez,36,female,IT,Analyst,daniel.martinez@example.com,8/24/2024,39794
339,Gabrielle,Parks,41,Male,Sales,Engineer,gabrielle.parks@example.com,4/5/2017,79798
340,Chad,Brown,33,Male,Sales,Engineer,chad.brown@example.com,8/10/2025,107085
341,Kristen,Wilson,55,Male,Finance,Manager,kristen.wilson@example.com,6/9/2020,81034
342,Timothy,Mcgee,36,Female,Finance,Analyst,timothy.mcgee@example.com,8/13/2021,61638
343,John, Beard,57,female,Finance,Manager,john.beard@example.com,8/3/2023,112822
344,Anthony ,Novak,55,Female,Sales,Engineer,anthony.novak@example.com,9/5/2020,109182
345,Desiree, Roberts,44,Male,IT,Manager,desiree.roberts@example.com,4/20/2023,53931
346,Diana,Fernandez,50,Male,Marketing,Analyst,diana.fernandez@example.com,11/21/2024,107529
347,Jill,Ryan,52,Female,HR,Coordinator,jill.ryan@example.com,7/16/2018,83947
348,Richard, Jackson,54,Female,Marketing,Specialist,richard.jackson@example.com,7/23/2022,99874
349,William,Henderson,39,Male,Finance,Lead,william.henderson@example.com,2/24/2025,72952
350,Daniel,Mitchell,53,Female,Marketing,Engineer,daniel.mitchell@example.com,10/24/2020,55000
351,Heather,Lopez,50,male,HR,Manager,heather.lopez@example.com,8/28/2025,100668
352,Willie,Robertson,38,Male,Operations,Lead,willie.robertson@example.com,9/3/2019,111368
353,Roger,Sawyer,33,Female,Finance,Specialist,roger.sawyer@example.com,6/1/2024,36415
354,Heather ,Fernandez,51,male,Operations,Coordinator,heather.fernandez@example.com,3/9/2024,37180
355,Adam, Stone,55,Female,HR,Specialist,adam.stone@example.com,4/19/2017,64209
356,Jeffery ,Anderson,25,female,Marketing,Analyst,jeffery.anderson@example.com,4/12/2017,117823
357,Tiffany, Rodgers,27,Female,Marketing,Manager,tiffany.rodgers@example.com,8/23/2022,59763
358,Laura , Bishop,32,female,Finance,Engineer,laura.bishop@example.com,3/30/2020,54852
359,Lisa ,Morrison,37,Female,IT,Analyst,lisa.morrison@example.com,12/3/2020,41405
360,Charles, Richardson,32,Female,HR,Manager,charles.richardson@example.com,5/25/2017,66056
361,Patricia ,Brown,48,Male,IT,Manager,patricia.brown@example.com,6/23/2022,51502
362,Ann, Hughes,60,Male,IT,Specialist,ann.hughes@example.com,8/10/2023,68179
363,Alexander ,Ramirez,27,Male,Marketing,Engineer,alexander.ramirez@example.com,5/4/2017,92937
364,Laura,Eaton,34,female,Marketing,Engineer,laura.eaton@example.com,1/17/2017,36359
365,Andrea,Stephens,45,male,HR,Analyst,andrea.stephens@example.com,3/30/2024,91676
366,Kevin, White,52,Male,IT,Manager,kevin.white@example.com,12/12/2017,115432
367,David, Phillips,44,Female,Marketing,Engineer,david.phillips@example.com,6/3/2016,79293
368,Dustin,Mata,45,Female,Sales,Analyst,dustin.mata@example.com,6/11/2021,81924
369,David ,Rivera,52,Female,Sales,Lead,david.rivera@example.com,8/28/2022,112490
370,Jennifer,Ellis,28,male,HR,Engineer,jennifer.ellis@example.com,12/8/2019,118937
371,Ashlee,Collins,60,Male,Marketing,Specialist,ashlee.collins@example.com,8/1/2017,53008
372,Jason,Fletcher,56,Female,IT,Lead,jason.fletcher@example.com,3/27/2025,59838
373,Pam ,Williams,48,Female,Operations,Lead,pam.williams@example.com,2/4/2017,35071
374,Patrick ,Rivera,52,female,Sales,Coordinator,patrick.rivera@example.com,9/30/2025,102322
375,Ashley,Hays,48,Female,Finance,Lead,ashley.hays@example.com,12/20/2024,54170
376,Terri,Johnson,28,Female,IT,Lead,terri.johnson@example.com,5/7/2021,79440
377,Cindy,Rodriguez,32,Female,Finance,Coordinator,cindy.rodriguez@example.com,11/22/2022,68781
378,Beth,Mitchell,59,Male,Marketing,Lead,beth.mitchell@example.com,8/19/2018,59201
379,Jonathan,Anderson,55,Female,IT,Manager,jonathan.anderson@example.com,7/22/2021,56176
380,Lisa, Howell,26,Female,Finance,Specialist,lisa.howell@example.com,5/27/2017,94369
381,Steve,Ruiz,21,Male,Sales,Lead,steve.ruiz@example.com,7/25/2020,105878
382,Robert,Zimmerman,55,Male,Marketing,Manager,robert.zimmerman@example.com,8/3/2024,98183
383,Daniel,Johnson,51,Male,IT,Coordinator,daniel.johnson@example.com,12/17/2017,80510
384,Amy,Dyer,41,Male,Marketing,Lead,amy.dyer@example.com,4/7/2017,98409
385,Joshua,Greene,41,male,Sales,Specialist,joshua.greene@example.com,8/24/2017,36622
386,Carolyn, Grant,24,Male,Operations,Manager,carolyn.grant@example.com,1/31/2019,76400
387,Frank,Brown,48,Female,Sales,Engineer,frank.brown@example.com,4/20/2016,78706
388,Jason,Andrews,58,Male,Finance,Lead,jason.andrews@example.com,6/2/2017,95111
389,William,Sanchez,38,Female,HR,Specialist,william.sanchez@example.com,10/6/2018,93825
390,Kenneth,Russell,60,Male,Sales,Manager,kenneth.russell@example.com,1/2/2022,93374
391,Lisa,Conrad,38,Male,Sales,Coordinator,lisa.conrad@example.com,3/13/2018,98148
392,Mckenzie ,Wheeler,54,male,Sales,Manager,mckenzie.wheeler@example.com,12/28/2020,115140
393,John,Craig,48,female,Sales,Manager,john.craig@example.com,6/28/2023,43602
394,Manuel ,Bauer,47,female,Sales,Manager,manuel.bauer@example.com,11/5/2017,76260
395,Isaac, Tucker,45,Female,Finance,Coordinator,isaac.tucker@example.com,11/7/2021,109760
396,Leslie,Franklin,31,Female,HR,Engineer,leslie.franklin@example.com,6/19/2017,109731
397,Tiffany, Reed,40,Female,Finance,Engineer,tiffany.reed@example.com,9/22/2023,99999
398,Derrick,Jones,55,Male,IT,Analyst,derrick.jones@example.com,2/16/2022,105852
399,Lori,Jones,26,Female,Operations,Manager,lori.jones@example.com,12/27/2018,101917
400,Michael,Serrano,60,Female,Finance,Specialist,michael.serrano@example.com,10/3/2020,117401
401,Timothy,Irwin,48,male,Operations,Engineer,timothy.irwin@example.com,1/22/2024,59790
402,Joel, Brown,37,female,Finance,Lead,joel.brown@example.com,10/22/2023,49521
403,Jessica,Potts,34,Female,Finance,Analyst,jessica.potts@example.com,11/10/2020,36451
404,Jennifer,Miller,26,Male,Finance,Lead,jennifer.miller@example.com,9/3/2022,111896
405,Joshua ,Freeman,51,Male,Operations,Specialist,joshua.freeman@example.com,5/28/2025,46521
406,Robert,Duran,54,Female,Operations,Engineer,robert.duran@example.com,1/4/2021,113338
407,Christopher ,Wells,53,female,Sales,Analyst,christopher.wells@example.com,11/15/2019,41872
408,David ,Kennedy,55,male,HR,Engineer,david.kennedy@example.com,7/17/2020,115504
409,Julie,Lambert,56,Female,IT,Manager,julie.lambert@example.com,9/22/2024,50842
410,Brian,Perry,25,male,IT,Coordinator,brian.perry@example.com,2/15/2024,54273
411,Kathleen,Gibbs,38,Male,HR,Analyst,kathleen.gibbs@example.com,6/26/2018,54439
412,Briana, Soto,23,Male,Operations,Coordinator,briana.soto@example.com,11/22/2020,50367
413,Tony,Peterson,49,Female,Sales,Analyst,tony.peterson@example.com,6/26/2022,104555
414,Nicole,Owen,59,Male,Sales,Engineer,nicole.owen@example.com,3/23/2020,110569
415,Shawn,Barrett,38,Female,Finance,Analyst,shawn.barrett@example.com,10/24/2019,42061
416,Amanda,Dean,35,Female,Finance,Lead,amanda.dean@example.com,9/8/2018,46826
417,Alejandra ,Brown,54,male,Operations,Engineer,alejandra.brown@example.com,9/12/2021,48291
418,Julia, Jefferson,25,Male,Marketing,Engineer,julia.jefferson@example.com,10/25/2021,84658
419,Julie , Barron,33,Male,Finance,Analyst,julie.barron@example.com,3/15/2025,101125
420,Kenneth,Rodriguez,34,Female,Marketing,Manager,kenneth.rodriguez@example.com,7/29/2022,108796
421,David,Hubbard,25,Male,HR,Manager,david.hubbard@example.com,12/9/2015,81379
422,Mark, Reed,28,male,IT,Coordinator,mark.reed@example.com,1/30/2021,100452
423,Bradley,Rivers,46,Male,Finance,Engineer,bradley.rivers@example.com,10/15/2021,47315
424,Michael,Miller,54,Female,Marketing,Specialist,michael.miller@example.com,1/25/2022,115188
425,Curtis, Lee,55,Male,Finance,Manager,curtis.lee@example.com,11/23/2016,85555
426,Timothy , Brooks,42,male,Sales,Engineer,timothy.brooks@example.com,1/22/2025,57444
427,Michael,Compton,25,Female,Operations,Engineer,michael.compton@example.com,6/23/2021,44222
428,Daniel,Lara,36,Male,IT,Manager,daniel.lara@example.com,7/30/2016,82358
429,Patricia , Morgan,48,Female,Marketing,Manager,patricia.morgan@example.com,12/18/2020,101770
430,Kyle ,Williams,36,Male,Marketing,Analyst,kyle.williams@example.com,10/6/2017,109688
431,Zachary , Brown,49,Female,HR,Engineer,zachary.brown@example.com,5/14/2020,117841
432,Kevin, Robbins,39,male,Marketing,Engineer,kevin.robbins@example.com,9/28/2016,77687
433,Christopher ,Greene,34,Female,Marketing,Engineer,christopher.greene@example.com,1/22/2022,37767
434,Colleen,Mitchell,50,Male,HR,Analyst,colleen.mitchell@example.com,6/28/2019,102703
435,Troy,Sherman,57,female,Sales,Lead,troy.sherman@example.com,11/14/2019,44830
436,Tammy,Martinez,56,Female,HR,Specialist,tammy.martinez@example.com,3/12/2023,102702
437,Brittany,Newton,29,Female,Marketing,Manager,brittany.newton@example.com,12/9/2018,95231
438,Bethany,Cole,46,Male,Marketing,Lead,bethany.cole@example.com,9/21/2023,35348
439,Lori ,Camacho,27,Female,Operations,Analyst,lori.camacho@example.com,10/17/2016,96526
440,David,Collins,40,Female,HR,Engineer,david.collins@example.com,11/17/2017,85220
441,Lauren, Hammond,46,male,Sales,Manager,lauren.hammond@example.com,12/12/2017,44461
442,Tina,Burns,59,Female,Operations,Manager,tina.burns@example.com,3/31/2021,54657
443,Todd,Wilson,42,Female,IT,Lead,todd.wilson@example.com,10/27/2018,37412
444,Jacob,Bailey,54,male,Sales,Analyst,jacob.bailey@example.com,9/16/2018,56685
445,Keith , Smith,35,Female,HR,Coordinator,keith.smith@example.com,5/5/2019,59225
446,Kimberly , Sanders,37,Male,Operations,Engineer,kimberly.sanders@example.com,1/8/2022,44669
447,Tanya,Lamb,37,Male,Finance,Engineer,tanya.lamb@example.com,9/4/2024,92762
448,Michelle, Rose,38,male,Sales,Specialist,michelle.rose@example.com,4/5/2022,95046
449,William,Davidson,23,Male,Operations,Manager,william.davidson@example.com,3/26/2023,51788
450,Charles ,Newton,54,Male,Sales,Engineer,charles.newton@example.com,3/10/2018,114656
451,Shannon,Bentley,43,female,HR,Engineer,shannon.bentley@example.com,8/13/2025,108890
452,Jose,Hall,60,Male,Sales,Manager,jose.hall@example.com,7/19/2016,101323
453,Michelle,Poole,26,Female,Marketing,Coordinator,michelle.poole@example.com,6/6/2018,50511
454,Elizabeth,Miles,49,female,Sales,Specialist,elizabeth.miles@example.com,10/19/2016,43085
455,Eric ,Lane,26,Male,HR,Engineer,eric.lane@example.com,2/16/2024,43976
456,Anthony , Mullen,47,male,Finance,Specialist,anthony.mullen@example.com,3/1/2017,97095
457,Victor ,Vazquez,49,male,Finance,Coordinator,victor.vazquez@example.com,3/20/2019,109153
458,Helen,Wagner,37,Male,Marketing,Analyst,helen.wagner@example.com,2/8/2018,93800
459,Thomas,Clarke,21,Female,IT,Coordinator,thomas.clarke@example.com,8/5/2016,107718
460,Jacob,Barrera,37,Female,Marketing,Lead,jacob.barrera@example.com,12/26/2023,55586
461,Erika,Nelson,34,Female,IT,Engineer,erika.nelson@example.com,1/16/2022,119498
462,Nicholas,Weaver,47,male,Finance,Analyst,nicholas.weaver@example.com,5/16/2022,67118
463,Cody ,Serrano,55,Male,HR,Coordinator,cody.serrano@example.com,12/26/2015,63071
464,Melanie ,Gallagher,50,Male,IT,Analyst,melanie.gallagher@example.com,6/21/2022,49061
465,Stephen,Young,53,Female,HR,Coordinator,stephen.young@example.com,11/28/2017,119815
466,Gabriel,Cunningham,30,Male,Operations,Analyst,gabriel.cunningham@example.com,10/7/2022,73586
467,Brian,Brown,34,Male,IT,Analyst,brian.brown@example.com,10/13/2023,105408
468,Dean ,Kim,49,Male,HR,Lead,dean.kim@example.com,4/23/2021,54707
469,Jacob, Ellison,33,male,Sales,Engineer,jacob.ellison@example.com,10/2/2020,56917
470,Jennifer,Jimenez,47,male,Operations,Manager,jennifer.jimenez@example.com,7/31/2024,44277
471,Emily,Clements,24,female,HR,Specialist,emily.clements@example.com,5/20/2019,84666
472,Nichole,Morgan,34,Female,Sales,Coordinator,nichole.morgan@example.com,4/21/2023,70888
473,Jessica, Hendricks,44,female,IT,Engineer,jessica.hendricks@example.com,9/9/2019,85175
474,Oscar,Mullen,57,Female,HR,Coordinator,oscar.mullen@example.com,6/6/2021,70532
475,Rachel,Williams,23,Male,Finance,Manager,rachel.williams@example.com,6/30/2022,51309
476,Hannah,Douglas,47,male,Finance,Manager,hannah.douglas@example.com,12/2/2020,53041
477,Denise ,Williams,58,Male,HR,Manager,denise.williams@example.com,9/13/2024,49043
478,Lori ,Duffy,22,male,Operations,Lead,lori.duffy@example.com,3/15/2025,93656
479,Timothy ,Wolfe,58,female,HR,Engineer,timothy.wolfe@example.com,1/17/2024,54250
480,Samuel,Silva,46,Male,Finance,Engineer,samuel.silva@example.com,9/11/2017,107282
481,Amber ,Gonzales,40,Female,Sales,Engineer,amber.gonzales@example.com,1/24/2016,96361
482,Joshua,Clark,28,female,Finance,Specialist,joshua.clark@example.com,8/28/2020,40256
483,Daniel,Terrell,43,Female,Sales,Analyst,daniel.terrell@example.com,11/29/2017,73429
484,Regina,Wise,30,female,IT,Manager,regina.wise@example.com,6/12/2017,60245
485,James,Coffey,54,Female,Operations,Specialist,james.coffey@example.com,8/3/2016,56327
486,Sara,Sharp,38,female,Finance,Specialist,sara.sharp@example.com,8/1/2022,80435
487,April,Mason,55,male,HR,Manager,april.mason@example.com,3/15/2019,112476
488,Valerie,Sullivan,35,female,IT,Manager,valerie.sullivan@example.com,3/3/2021,77150
489,Andrew,Weaver,51,female,HR,Coordinator,andrew.weaver@example.com,10/1/2021,101960
490,Steven,Martin,56,female,Sales,Engineer,steven.martin@example.com,3/15/2019,66675
491,Benjamin,Smith,31,Male,Finance,Engineer,benjamin.smith@example.com,8/19/2023,63263
492,Jacob,Stone,49,female,Finance,Lead,jacob.stone@example.com,6/22/2025,113037
493,Carl,Reynolds,55,male,Marketing,Analyst,carl.reynolds@example.com,6/20/2021,115896
494,Daniel,Williams,37,Male,IT,Specialist,daniel.williams@example.com,9/2/2019,39672
495,Brian,Ramos,25,Female,Finance,Manager,brian.ramos@example.com,11/25/2023,105627
496,Michelle,Dixon,46,Male,Operations,Lead,michelle.dixon@example.com,2/19/2017,37567
497,Kristen,Nichols,56,Female,Marketing,Specialist,kristen.nichols@example.com,7/26/2020,66833
498,Renee , Hansen,55,Female,Operations,Analyst,renee.hansen@example.com,8/5/2019,52826
499,Kathleen ,Wilson,50,Female,IT,Lead,kathleen.wilson@example.com,8/1/2017,52362
500,Chad ,Hernandez,33,male,IT,Manager,chad.hernandez@example.com,1/26/2022,74999
501,Jessica,Gregory,33,Male,HR,Manager,jessica.gregory@example.com,8/14/2019,86440
502,Oscar,Ward,58,male,Marketing,Coordinator,oscar.ward@example.com,11/14/2017,83597
503,Cathy, Morrison,55,Female,HR,Manager,cathy.morrison@example.com,11/13/2015,49754
504,Caroline,Johnson,23,female,Finance,Coordinator,caroline.johnson@example.com,7/18/2023,75075
505,Brett ,Martin,51,Male,HR,Coordinator,brett.martin@example.com,10/19/2017,72732
506,Jennifer ,Baker,55,Male,Finance,Engineer,jennifer.baker@example.com,12/16/2020,67451
507,Jill,Fox,30,Female,Finance,Lead,jill.fox@example.com,6/6/2019,86921
508,Samuel,Hamilton,39,Female,Sales,Lead,samuel.hamilton@example.com,9/13/2024,94529
509,Timothy,Atkinson,47,Female,Sales,Specialist,timothy.atkinson@example.com,7/12/2019,78800
510,Eric,Anderson,34,Female,Sales,Analyst,eric.anderson@example.com,1/15/2019,96480
511,Cody,Warren,44,Male,HR,Specialist,cody.warren@example.com,11/2/2018,111675
512,Martin ,Thompson,46,male,HR,Analyst,martin.thompson@example.com,9/17/2016,103585
513,Rhonda,Davis,21,female,Finance,Manager,rhonda.davis@example.com,1/23/2025,56672
514,Laura , Taylor,32,Female,HR,Specialist,laura.taylor@example.com,11/2/2020,71343
515,Brenda,Jones,38,Female,Operations,Engineer,brenda.jones@example.com,12/17/2018,86170
516,Jennifer, Johnson,50,Female,Operations,Engineer,jennifer.johnson@example.com,9/5/2020,63811
517,Laura , Hall,35,Male,Marketing,Lead,laura.hall@example.com,2/18/2021,47032
518,Phillip,Davidson,53,female,Marketing,Manager,phillip.davidson@example.com,7/10/2024,119501
519,Jeremy,Hardin,59,female,Operations,Lead,jeremy.hardin@example.com,3/9/2016,36341
520,Glen, Stokes,32,Male,Operations,Specialist,glen.stokes@example.com,9/13/2023,114968
521,Ann, Nunez,51,Male,Marketing,Coordinator,ann.nunez@example.com,12/8/2019,87687
522,Lori,Downs,34,Male,IT,Specialist,lori.downs@example.com,2/14/2022,48421
523,Jimmy,Murphy,55,female,Marketing,Specialist,jimmy.murphy@example.com,6/10/2019,43702
524,Lisa,Miller,32,Female,Marketing,Specialist,lisa.miller@example.com,1/16/2020,95588
525,Cathy , Salinas,26,female,Operations,Lead,cathy.salinas@example.com,9/6/2016,98732
526,Shannon,Burke,52,Male,Marketing,Coordinator,shannon.burke@example.com,6/22/2017,106894
527,Christopher , Cantrell,27,Male,Sales,Specialist,christopher.cantrell@example.com,10/27/2018,46617
528,Allison, Young,27,Female,Sales,Analyst,allison.young@example.com,10/7/2022,63120
529,Erin,Chavez,55,Female,Sales,Engineer,erin.chavez@example.com,7/4/2021,103859
530,Glenn,Macias,54,Male,Operations,Coordinator,glenn.macias@example.com,11/2/2022,92300
531,Jeanne, Williams,26,Female,HR,Coordinator,jeanne.williams@example.com,8/5/2022,63210
532,Justin,Brown,60,Male,Sales,Engineer,justin.brown@example.com,3/10/2021,72581
533,Teresa,Martinez,57,male,IT,Coordinator,teresa.martinez@example.com,8/7/2016,96842
534,Sarah,Mcbride,47,male,Operations,Specialist,sarah.mcbride@example.com,6/6/2016,56713
535,Donald,Woodard,30,Female,Marketing,Analyst,donald.woodard@example.com,1/5/2018,109448
536,Kyle,Tran,50,Male,Finance,Coordinator,kyle.tran@example.com,6/14/2021,65844
537,Stephen,Harris,60,Female,Finance,Manager,stephen.harris@example.com,9/26/2022,51395
538,Emily, Beck,57,Male,Operations,Coordinator,emily.beck@example.com,7/6/2018,97927
539,Megan,Lutz,44,Female,HR,Coordinator,megan.lutz@example.com,4/11/2020,119569
540,Melissa,Keith,23,female,HR,Coordinator,melissa.keith@example.com,12/21/2016,50746
541,Kyle,Warren,42,female,IT,Coordinator,kyle.warren@example.com,1/24/2022,48260
542,Tiffany,Johnson,24,Female,Finance,Lead,tiffany.johnson@example.com,3/18/2022,67588
543,Melissa, Reid,50,Male,IT,Lead,melissa.reid@example.com,4/1/2024,99076
544,Sheila , Mcdaniel,36,Male,Operations,Coordinator,sheila.mcdaniel@example.com,9/8/2016,83100
545,Kimberly ,Wagner,34,female,Operations,Analyst,kimberly.wagner@example.com,5/9/2020,112757
546,Kaitlin,Collins,38,Female,HR,Coordinator,kaitlin.collins@example.com,5/12/2019,69437
547,Chris,Smith,35,Female,Marketing,Specialist,chris.smith@example.com,12/6/2022,97352
548,Alexander, Barnes,37,Female,Marketing,Engineer,alexander.barnes@example.com,4/25/2021,103572
549,Donald,Merritt,21,Female,Finance,Engineer,donald.merritt@example.com,6/10/2021,86313
550,Krystal,Anderson,60,Female,Marketing,Coordinator,krystal.anderson@example.com,10/12/2016,102943
551,Derrick,Howell,28,Female,IT,Engineer,derrick.howell@example.com,8/7/2019,80780
552,Katherine, Evans,22,Female,Operations,Analyst,katherine.evans@example.com,2/15/2019,92496
553,Brian, Taylor,40,female,Finance,Lead,brian.taylor@example.com,4/8/2024,113376
554,Kimberly,Wood,24,Male,IT,Coordinator,kimberly.wood@example.com,9/16/2024,74789
555,Heather,Martinez,38,Female,Finance,Manager,heather.martinez@example.com,11/30/2020,62133
556,Tricia ,Howell,56,Male,Finance,Coordinator,tricia.howell@example.com,4/16/2019,58835
557,Steven ,Smith,39,Male,Operations,Coordinator,steven.smith@example.com,9/19/2017,112967
558,Jason,Turner,41,Male,Marketing,Manager,jason.turner@example.com,9/20/2024,65411
559,Debbie,Brown,37,male,IT,Specialist,debbie.brown@example.com,8/15/2017,80787
560,Nicholas ,Harrison,56,Female,Sales,Coordinator,nicholas.harrison@example.com,10/27/2023,39020
561,Amanda, Douglas,32,Female,Marketing,Specialist,amanda.douglas@example.com,6/7/2022,118604
562,Jessica,Evans,51,Female,Marketing,Specialist,jessica.evans@example.com,4/14/2022,77614
563,Doris,Duncan,51,female,Sales,Lead,doris.duncan@example.com,6/3/2017,53092
564,Melissa,Jones,22,female,Sales,Manager,melissa.jones@example.com,7/25/2024,46118
565,Kimberly,Cline,51,male,IT,Coordinator,kimberly.cline@example.com,10/16/2022,74110
566,Keith,King,24,Male,Marketing,Analyst,keith.king@example.com,10/26/2017,52617
567,Lauren,Taylor,37,Male,Sales,Engineer,lauren.taylor@example.com,4/21/2025,116812
568,Juan,Perez,36,Male,Operations,Coordinator,juan.perez@example.com,4/15/2017,61208
569,Kyle,Johnson,26,Male,IT,Coordinator,kyle.johnson@example.com,5/22/2025,51655
570,Tina,Flores,55,female,IT,Manager,tina.flores@example.com,5/22/2025,112704
571,Taylor,Jones,58,Male,Operations,Manager,taylor.jones@example.com,4/4/2020,97839
572,Thomas ,Austin,21,Female,Sales,Analyst,thomas.austin@example.com,7/30/2018,67036
573,Hunter,Brown,25,Female,Sales,Coordinator,hunter.brown@example.com,3/11/2016,89636
574,Julia,Wright,33,Female,Sales,Specialist,julia.wright@example.com,6/10/2019,52068
575,Cynthia,Burnett,37,Female,IT,Engineer,cynthia.burnett@example.com,8/7/2021,70364
576,Corey, Williams,47,Female,IT,Lead,corey.williams@example.com,10/8/2020,93648
577,Adam,Barnes,38,Female,HR,Manager,adam.barnes@example.com,8/18/2021,101115
578,Theresa,Mcbride,54,male,IT,Coordinator,theresa.mcbride@example.com,4/6/2017,64489
579,Margaret,Collins,56,Male,HR,Specialist,margaret.collins@example.com,1/16/2022,119883
580,Ricky,Miller,56,Female,IT,Manager,ricky.miller@example.com,9/21/2025,52951
581,Nicholas, Lewis,47,Female,Finance,Engineer,nicholas.lewis@example.com,4/17/2023,43178
582,Derrick,Dominguez,24,Female,Finance,Specialist,derrick.dominguez@example.com,9/18/2023,94198
583,Steven,Bailey,29,Male,Finance,Engineer,steven.bailey@example.com,7/22/2025,111171
584,Charlene,Walker,21,male,Marketing,Lead,charlene.walker@example.com,7/28/2016,75267
585,Christopher,Owens,35,Male,HR,Lead,christopher.owens@example.com,6/10/2017,91540
586,Donald ,Carter,27,Female,IT,Specialist,donald.carter@example.com,9/6/2019,114162
587,Tiffany,Dawson,56,Female,Finance,Lead,tiffany.dawson@example.com,12/9/2015,49338
588,Allison,Smith,36,Female,Finance,Coordinator,allison.smith@example.com,9/25/2017,50345
589,Donna, Dunn,24,female,Finance,Specialist,donna.dunn@example.com,4/30/2016,46703
590,Nicole,Perry,41,Male,Sales,Specialist,nicole.perry@example.com,8/29/2019,77494
591,Christina,Hart,44,Female,HR,Coordinator,christina.hart@example.com,2/5/2023,61775
592,Judith,Johnson,46,male,Marketing,Analyst,judith.johnson@example.com,7/1/2019,98426
593,Mitchell,Hernandez,55,female,Finance,Analyst,mitchell.hernandez@example.com,4/16/2023,38592
594,Jennifer, Carlson,47,male,Operations,Specialist,jennifer.carlson@example.com,9/19/2016,68565
595,Mitchell,Fowler,27,male,Finance,Manager,mitchell.fowler@example.com,4/11/2023,116493
596,Nathaniel ,Compton,53,male,Operations,Lead,nathaniel.compton@example.com,12/26/2021,52984
597,Susan ,Johnson,36,Male,IT,Lead,susan.johnson@example.com,8/17/2021,105201
598,Michael,Smith,28,male,Operations,Manager,michael.smith@example.com,11/15/2017,47682
599,Renee,Mason,59,Male,Sales,Manager,renee.mason@example.com,3/9/2024,107330
600,Raymond, Thomas,37,Male,Sales,Engineer,raymond.thomas@example.com,3/6/2018,102188
601,Anna ,Miller,39,Male,IT,Coordinator,anna.miller@example.com,1/4/2023,99216
602,Mary, Green,33,female,Finance,Engineer,mary.green@example.com,8/10/2024,89871
603,Melanie,Brown,34,Male,Sales,Specialist,melanie.brown@example.com,11/14/2024,61299
604,Dustin, Torres,58,male,Operations,Specialist,dustin.torres@example.com,11/16/2020,52037
605,Sarah,Bush,35,Male,Finance,Engineer,sarah.bush@example.com,9/3/2018,92411
606,Richard,Deleon,46,Female,HR,Lead,richard.deleon@example.com,8/18/2021,46745
607,Donald,White,40,Male,IT,Engineer,donald.white@example.com,3/18/2021,44843
608,Lisa,Thomas,55,Male,Finance,Engineer,lisa.thomas@example.com,9/5/2019,108635
609,Robert,Evans,35,Male,HR,Lead,robert.evans@example.com,7/25/2019,48659
610,Christopher,Lyons,43,Male,Sales,Manager,christopher.lyons@example.com,4/17/2016,59357
611,Paul, Aguirre,26,Female,Operations,Specialist,paul.aguirre@example.com,11/14/2020,113745
612,Carla,Conner,40,Male,Finance,Analyst,carla.conner@example.com,1/25/2025,91063
613,Michael ,Neal,33,female,Finance,Engineer,michael.neal@example.com,12/28/2019,38617
614,Heather ,Harrison,30,male,Marketing,Coordinator,heather.harrison@example.com,6/15/2019,76929
615,Tanya , Davis,35,Male,HR,Coordinator,tanya.davis@example.com,2/11/2024,114944
616,Ronald, Freeman,24,Female,Marketing,Analyst,ronald.freeman@example.com,6/14/2017,95069
617,Joseph,Flowers,34,Female,IT,Engineer,joseph.flowers@example.com,1/12/2018,69041
618,Evelyn,Moreno,33,Female,Marketing,Coordinator,evelyn.moreno@example.com,12/28/2023,71885
619,Christopher,Huff,25,Male,IT,Analyst,christopher.huff@example.com,7/20/2023,43385
620,Heather,Harmon,41,Male,Sales,Lead,heather.harmon@example.com,11/12/2018,38806
621,Nancy,West,57,female,Finance,Manager,nancy.west@example.com,9/6/2023,96145
622,Aimee,Freeman,25,male,Finance,Manager,aimee.freeman@example.com,6/5/2024,54297
623,Mark,Davis,29,Male,Marketing,Coordinator,mark.davis@example.com,11/13/2020,104955
624,Robert,Huang,43,Male,Sales,Engineer,robert.huang@example.com,4/30/2018,94463
625,Jonathan,Taylor,38,female,IT,Coordinator,jonathan.taylor@example.com,5/27/2016,39296
626,Kristen ,Wilson,28,Female,Sales,Manager,kristen.wilson@example.com,4/11/2022,110473
627,Anthony, Luna,48,Male,IT,Engineer,anthony.luna@example.com,7/20/2025,115248
628,Steve, Mayo,34,Female,Marketing,Specialist,steve.mayo@example.com,8/8/2023,93634
629,Hunter ,Black,57,Female,IT,Lead,hunter.black@example.com,2/16/2025,93973
630,Jonathan,Rogers,42,Male,Marketing,Manager,jonathan.rogers@example.com,12/3/2023,51209
631,Jennifer ,Morales,43,male,Marketing,Coordinator,jennifer.morales@example.com,1/21/2023,93300
632,Kevin,Green,46,Male,Marketing,Coordinator,kevin.green@example.com,7/7/2019,57409
633,Jennifer,Boyer,47,male,IT,Coordinator,jennifer.boyer@example.com,11/18/2021,118526
634,John,Armstrong,32,Female,Sales,Manager,john.armstrong@example.com,11/9/2024,64633
635,Julie ,Montgomery,60,female,HR,Coordinator,julie.montgomery@example.com,12/7/2021,48013
636,Joseph ,Johnson,53,Male,IT,Lead,joseph.johnson@example.com,2/15/2019,97494
637,Lorraine ,Bell,50,Male,Operations,Lead,lorraine.bell@example.com,3/12/2025,37425
638,Edward,Ferrell,56,Male,Operations,Lead,edward.ferrell@example.com,3/25/2020,102648
639,Darryl,Randolph,46,Male,IT,Engineer,darryl.randolph@example.com,1/16/2017,87694
640,Janice,Lee,43,Female,Marketing,Engineer,janice.lee@example.com,10/16/2016,66193
641,Paul,Smith,59,Female,Marketing,Specialist,paul.smith@example.com,5/20/2023,41770
642,Dorothy , Cross,42,Male,Marketing,Analyst,dorothy.cross@example.com,8/28/2021,75376
643,Richard,King,60,Male,Marketing,Analyst,richard.king@example.com,1/24/2017,54782
644,Eric,Young,33,female,Finance,Specialist,eric.young@example.com,8/12/2019,96251
645,Robert,Flores,33,male,Finance,Manager,robert.flores@example.com,10/16/2021,114969
646,Karen,Jones,25,Male,Operations,Engineer,karen.jones@example.com,4/17/2023,90355
647,Philip, Williams,59,Male,Sales,Specialist,philip.williams@example.com,8/10/2024,71257
648,Katrina,Adams,56,male,Operations,Lead,katrina.adams@example.com,4/3/2025,85031
649,Stephanie, Blair,59,female,HR,Engineer,stephanie.blair@example.com,11/26/2020,76437
650,Brian,Hoffman,36,Male,HR,Specialist,brian.hoffman@example.com,1/22/2018,83480
651,Shelley,Li,35,Male,Finance,Coordinator,shelley.li@example.com,12/15/2020,80591
652,Charles ,Bradley,27,Male,Sales,Coordinator,charles.bradley@example.com,12/16/2024,82262
653,Christina,Espinoza,35,male,IT,Engineer,christina.espinoza@example.com,6/30/2022,39245
654,Taylor,Anderson,48,Female,IT,Analyst,taylor.anderson@example.com,4/13/2024,109133
655,Katie,Wagner,37,Female,IT,Specialist,katie.wagner@example.com,2/23/2025,67145
656,Deborah,West,58,male,HR,Manager,deborah.west@example.com,12/17/2017,70303
657,Stanley,Davis,56,Female,IT,Manager,stanley.davis@example.com,10/20/2025,119471
658,Tammy,Russell,24,Male,IT,Specialist,tammy.russell@example.com,6/14/2025,88058
659,Brett,Dougherty,33,Male,IT,Manager,brett.dougherty@example.com,5/24/2024,98821
660,Christopher , Torres,40,Female,HR,Engineer,christopher.torres@example.com,7/8/2019,115286
661,Cindy,Everett,45,female,Marketing,Engineer,cindy.everett@example.com,2/26/2025,44180
662,Richard,Valentine,46,Female,Marketing,Lead,richard.valentine@example.com,12/1/2020,89098
663,Dana,Jones,57,Female,Finance,Analyst,dana.jones@example.com,5/21/2019,101089
664,James ,Rice,43,female,Sales,Coordinator,james.rice@example.com,8/21/2024,46789
665,Laura,Wright,21,Male,Finance,Lead,laura.wright@example.com,8/15/2024,41128
666,Dawn,Schwartz,57,female,HR,Coordinator,dawn.schwartz@example.com,1/3/2022,45340
667,Christina , Griffin,50,Female,Sales,Analyst,christina.griffin@example.com,9/7/2025,114852
668,Robert,Howell,24,Female,Finance,Analyst,robert.howell@example.com,8/1/2018,42193
669,Dennis,Sullivan,23,male,IT,Analyst,dennis.sullivan@example.com,2/17/2016,112996
670,Margaret, Hernandez,30,Female,HR,Lead,margaret.hernandez@example.com,11/22/2021,118359
671,Julia,Mckee,27,male,Finance,Specialist,julia.mckee@example.com,2/26/2018,67915
672,Lisa,Hawkins,24,Male,Operations,Specialist,lisa.hawkins@example.com,8/5/2016,46409
673,Karen,Stevens,25,female,Finance,Lead,karen.stevens@example.com,5/20/2024,72771
674,Michael, Sanchez,30,male,HR,Engineer,michael.sanchez@example.com,6/11/2018,75345
675,Joseph , Freeman,58,Female,IT,Manager,joseph.freeman@example.com,1/26/2023,54908
676,Ashley,Page,42,female,Finance,Engineer,ashley.page@example.com,7/6/2025,110024
677,Richard,Moore,27,female,Finance,Coordinator,richard.moore@example.com,6/5/2023,111785
678,Robert,Stewart,49,Female,Finance,Engineer,robert.stewart@example.com,12/4/2017,104932
679,Sheila ,Thompson,40,Male,Finance,Specialist,sheila.thompson@example.com,2/2/2025,63076
680,Glenn ,Kirk,56,female,Sales,Analyst,glenn.kirk@example.com,6/20/2023,91757
681,Jerry,Martinez,49,Female,IT,Analyst,jerry.martinez@example.com,10/15/2017,96733
682,James,White,60,Female,Operations,Specialist,james.white@example.com,4/24/2025,115151
683,Alicia,Oconnor,40,Male,Operations,Analyst,alicia.oconnor@example.com,8/4/2025,35789
684,Jennifer,Mathews,30,Female,IT,Engineer,jennifer.mathews@example.com,4/28/2018,36513
685,Tamara,Ramirez,52,Female,Operations,Engineer,tamara.ramirez@example.com,6/8/2019,74579
686,Victoria,Wall,47,Male,Operations,Lead,victoria.wall@example.com,10/16/2018,114013
687,Lindsay, Kelley,47,Female,IT,Engineer,lindsay.kelley@example.com,6/27/2018,61102
688,Tanya,Collins,49,Female,Sales,Coordinator,tanya.collins@example.com,5/31/2018,67831
689,Stephanie,Mitchell,36,Female,IT,Analyst,stephanie.mitchell@example.com,1/21/2024,47834
690,Jose ,Lane,40,Male,IT,Analyst,jose.lane@example.com,11/18/2020,78051
691,Lisa,Smith,35,Male,Marketing,Engineer,lisa.smith@example.com,9/13/2023,85695
692,Laurie, Ross,42,Female,HR,Analyst,laurie.ross@example.com,6/28/2021,116085
693,Kelly, Nichols,28,Female,IT,Coordinator,kelly.nichols@example.com,3/26/2020,37859
694,Frederick,Washington,40,Female,Marketing,Coordinator,frederick.washington@example.com,6/18/2018,85668
695,Carol,Bennett,31,Male,IT,Analyst,carol.bennett@example.com,12/5/2016,82945
696,James,Mason,39,Male,Sales,Engineer,james.mason@example.com,9/5/2016,84233
697,Stephen ,Decker,34,Female,HR,Engineer,stephen.decker@example.com,1/21/2019,97190
698,Melissa,Whitehead,34,male,Operations,Specialist,melissa.whitehead@example.com,3/14/2021,81413
699,Michelle,Smith,33,Female,Sales,Engineer,michelle.smith@example.com,9/4/2017,95539
700,Terri, Cervantes,29,Male,HR,Specialist,terri.cervantes@example.com,3/4/2018,101780
701,Erin,Rogers,22,female,IT,Specialist,erin.rogers@example.com,7/18/2025,69017
702,Sandra, Harris,23,Male,Marketing,Coordinator,sandra.harris@example.com,10/12/2018,107293
703,Joshua,Mckinney,24,Male,HR,Lead,joshua.mckinney@example.com,2/19/2020,82510
704,Amanda,Key,46,Male,Sales,Analyst,amanda.key@example.com,2/4/2020,59475
705,Courtney ,Galloway,25,male,IT,Specialist,courtney.galloway@example.com,10/26/2016,39777
706,Douglas, Reid,55,Male,IT,Coordinator,douglas.reid@example.com,8/15/2020,119181
707,Nancy ,Merritt,60,male,Operations,Specialist,nancy.merritt@example.com,3/19/2020,75087
708,Jeffery,Garcia,52,Male,Sales,Engineer,jeffery.garcia@example.com,5/30/2017,104584
709,Andrea ,Daniels,45,Female,Sales,Lead,andrea.daniels@example.com,4/17/2018,65953
710,Judy ,Richardson,40,Male,HR,Lead,judy.richardson@example.com,4/6/2020,42908
711,Randall ,Riley,25,Female,Sales,Engineer,randall.riley@example.com,12/30/2016,111824
712,Sean,Miller,39,Male,Sales,Manager,sean.miller@example.com,2/26/2020,72984
713,Joseph ,Smith,31,Female,Finance,Specialist,joseph.smith@example.com,8/20/2019,62264
714,Ashley,Jacobs,49,Male,HR,Lead,ashley.jacobs@example.com,9/27/2023,101192
715,Jessica, Wheeler,58,Female,IT,Engineer,jessica.wheeler@example.com,8/9/2016,45081
716,Stephen,Mueller,46,Male,Marketing,Engineer,stephen.mueller@example.com,3/26/2020,78348
717,Daniel ,Rose,53,Female,Operations,Analyst,daniel.rose@example.com,4/27/2019,62012
718,Andrew,Walker,57,Female,Marketing,Engineer,andrew.walker@example.com,2/19/2021,88625
719,Valerie,Griffin,33,Male,Sales,Lead,valerie.griffin@example.com,2/26/2025,72813
720,Jonathan ,Moyer,45,male,Finance,Engineer,jonathan.moyer@example.com,9/30/2022,110593
721,Kathryn ,Brown,25,female,Sales,Coordinator,kathryn.brown@example.com,10/20/2024,57864
722,Kathleen ,Brown,48,Female,Marketing,Lead,kathleen.brown@example.com,11/13/2024,51423
723,Michelle,Conner,57,male,Finance,Specialist,michelle.conner@example.com,4/16/2025,71014
724,Joseph, Stone,51,male,Finance,Analyst,joseph.stone@example.com,1/9/2022,37535
725,Courtney,Soto,24,Female,Marketing,Engineer,courtney.soto@example.com,12/3/2021,87462
726,Deborah,Wilson,37,male,Marketing,Coordinator,deborah.wilson@example.com,8/20/2020,35492
727,Vincent,Moore,39,Male,IT,Engineer,vincent.moore@example.com,12/18/2019,110093
728,Steve,Valdez,45,Male,Sales,Lead,steve.valdez@example.com,2/14/2023,113576
729,Larry, Simpson,29,Male,Finance,Analyst,larry.simpson@example.com,11/27/2019,52706
730,Richard,Gibson,43,female,Operations,Engineer,richard.gibson@example.com,8/24/2023,64001
731,Sandra, Jackson,24,female,Finance,Specialist,sandra.jackson@example.com,11/21/2024,79622
732,Michael,Duffy,55,Male,IT,Manager,michael.duffy@example.com,6/13/2025,102272
733,David,Foster,42,Female,Finance,Coordinator,david.foster@example.com,1/26/2024,57032
734,Andre ,Sanchez,58,male,HR,Analyst,andre.sanchez@example.com,9/17/2022,49457
735,Erica ,Powell,28,Female,Marketing,Manager,erica.powell@example.com,4/23/2019,100676
736,Shannon,Rodriguez,28,female,Operations,Analyst,shannon.rodriguez@example.com,2/1/2019,74869
737,Catherine,Howard,58,Male,Operations,Coordinator,catherine.howard@example.com,12/18/2022,43777
738,Jasmin , Bartlett,23,Female,HR,Analyst,jasmin.bartlett@example.com,3/9/2017,114450
739,Samantha,Olsen,51,Female,Finance,Specialist,samantha.olsen@example.com,5/2/2016,41607
740,Laura,Ray,42,Male,IT,Specialist,laura.ray@example.com,3/3/2025,65077
741,Dawn, Houston,30,Male,Finance,Coordinator,dawn.houston@example.com,3/31/2025,49734
742,Megan,Hill,41,male,HR,Analyst,megan.hill@example.com,10/11/2024,78362
743,Morgan,Mcdaniel,44,Female,Finance,Lead,morgan.mcdaniel@example.com,4/15/2023,113508
744,Daniel,Thomas,38,Male,HR,Manager,daniel.thomas@example.com,8/26/2016,88315
745,Scott,Jordan,27,Female,HR,Manager,scott.jordan@example.com,12/26/2021,116199
746,Paul,Davis,46,Female,HR,Lead,paul.davis@example.com,3/1/2019,35398
747,Kristen,Barrett,58,Male,HR,Coordinator,kristen.barrett@example.com,7/20/2016,69235
748,Kevin, Martin,29,Male,Sales,Specialist,kevin.martin@example.com,2/16/2017,83785
749,Stephanie,Valenzuela,30,male,Operations,Coordinator,stephanie.valenzuela@example.com,9/26/2016,88577
750,Ryan,Peterson,47,Female,Operations,Specialist,ryan.peterson@example.com,4/12/2017,74005
751,Heather,Clay,55,Female,IT,Coordinator,heather.clay@example.com,4/2/2021,73023
752,Ashlee ,Fuentes,32,Female,HR,Manager,ashlee.fuentes@example.com,11/18/2018,81643
753,Katherine ,Ortiz,34,female,Operations,Manager,katherine.ortiz@example.com,11/11/2017,118432
754,Sarah,Anderson,56,female,Marketing,Manager,sarah.anderson@example.com,10/24/2025,79965
755,Rachel,White,55,male,Marketing,Specialist,rachel.white@example.com,2/14/2021,36093
756,Shane,Martinez,32,Male,Operations,Lead,shane.martinez@example.com,1/22/2018,42771
757,Mary,Perez,45,Male,IT,Specialist,mary.perez@example.com,1/19/2018,116823
758,Wayne, Smith,41,male,Finance,Coordinator,wayne.smith@example.com,3/30/2018,54526
759,Paul,Clay,29,Male,Marketing,Lead,paul.clay@example.com,11/19/2018,84678
760,Angela,Landry,52,Male,IT,Specialist,angela.landry@example.com,6/26/2019,71987
761,Amber,Bennett,38,Female,Sales,Manager,amber.bennett@example.com,8/22/2016,106084
762,John,Perry,51,Female,Sales,Coordinator,john.perry@example.com,4/12/2019,111523
763,Tony, Keith,23,Female,HR,Engineer,tony.keith@example.com,2/11/2020,55887
764,Amanda, Rose,38,Female,IT,Manager,amanda.rose@example.com,6/29/2016,85878
765,Natasha,Mcneil,50,Male,Finance,Coordinator,natasha.mcneil@example.com,9/25/2017,114513
766,Megan ,Eaton,23,Female,Operations,Lead,megan.eaton@example.com,9/2/2019,97034
767,Amber,Holden,48,Female,Sales,Lead,amber.holden@example.com,2/16/2016,85589
768,Laura,Cooper,55,female,IT,Specialist,laura.cooper@example.com,7/14/2020,76211
769,Richard,Lewis,26,Male,Operations,Engineer,richard.lewis@example.com,11/27/2016,43984
770,Taylor ,Barnes,40,Male,Finance,Engineer,taylor.barnes@example.com,2/9/2021,88150
771,Daniel, Walker,38,Male,IT,Coordinator,daniel.walker@example.com,2/9/2019,58623
772,Mitchell ,Carroll,48,female,Marketing,Analyst,mitchell.carroll@example.com,5/19/2025,58584
773,Kaitlyn, Lawson,48,male,Marketing,Coordinator,kaitlyn.lawson@example.com,3/19/2025,69745
774,Stacey,Cobb,22,Female,Sales,Lead,stacey.cobb@example.com,4/10/2024,85958
775,Haley,Griffin,53,Female,IT,Lead,haley.griffin@example.com,9/14/2019,37849
776,Linda,Gutierrez,45,female,IT,Engineer,linda.gutierrez@example.com,7/14/2025,42917
777,Angela,Torres,22,Female,Marketing,Analyst,angela.torres@example.com,8/15/2024,99626
778,Dave, Armstrong,35,Male,Marketing,Coordinator,dave.armstrong@example.com,6/6/2024,100701
779,Emily,Butler,24,Male,Operations,Lead,emily.butler@example.com,7/11/2022,47612
780,Megan, Smith,43,Male,HR,Engineer,megan.smith@example.com,2/17/2022,85421
781,Greg,Williams,22,male,Finance,Manager,greg.williams@example.com,9/11/2021,47197
782,Jamie,Stevens,41,male,Operations,Specialist,jamie.stevens@example.com,5/6/2019,45703
783,Michael ,Williams,51,Female,Operations,Lead,michael.williams@example.com,12/27/2020,70981
784,Dawn,Bowman,46,Female,HR,Specialist,dawn.bowman@example.com,9/19/2022,90296
785,Franklin, Martin,52,Male,Operations,Lead,franklin.martin@example.com,12/17/2018,55666
786,Dorothy,Perry,49,male,IT,Coordinator,dorothy.perry@example.com,1/16/2022,97653
787,Steven ,Cruz,25,male,HR,Coordinator,steven.cruz@example.com,2/13/2022,38956
788,Rachel,Sullivan,34,Female,Sales,Engineer,rachel.sullivan@example.com,8/13/2021,61337
789,Chad,Howard,38,Female,Finance,Analyst,chad.howard@example.com,12/18/2018,69324
790,Joseph,Perez,58,Female,Sales,Manager,joseph.perez@example.com,8/31/2017,36190
791,Heather ,Villarreal,36,male,HR,Manager,heather.villarreal@example.com,4/24/2020,43786
792,Monica,Pena,41,Male,Operations,Coordinator,monica.pena@example.com,9/11/2024,94328
793,Deborah,Foster,48,Female,IT,Engineer,deborah.foster@example.com,4/20/2016,89323
794,Michelle ,Russell,43,Male,Operations,Engineer,michelle.russell@example.com,11/14/2018,45583
795,Robert ,Johns,33,male,Sales,Coordinator,robert.johns@example.com,9/21/2022,100142
796,James,Lewis,28,female,HR,Lead,james.lewis@example.com,8/2/2016,54212
797,Tracy,Crawford,47,Male,HR,Manager,tracy.crawford@example.com,3/28/2018,57320
798,Maria,Caldwell,39,Male,Marketing,Coordinator,maria.caldwell@example.com,9/17/2019,67373
799,Jasmine,James,25,Male,Sales,Engineer,jasmine.james@example.com,10/28/2018,52981
800,Jimmy ,Cook,50,Female,Operations,Lead,jimmy.cook@example.com,12/26/2023,69912
801,Steven, Henderson,51,Female,HR,Analyst,steven.henderson@example.com,8/17/2020,41898
802,Jaime,Mahoney,54,Female,Operations,Manager,jaime.mahoney@example.com,10/12/2020,102861
803,Stephanie,Chen,45,Male,Finance,Analyst,stephanie.chen@example.com,12/29/2021,79827
804,Karen,Goodwin,45,male,Finance,Coordinator,karen.goodwin@example.com,11/13/2022,95426
805,David , Curtis,30,Male,Operations,Coordinator,david.curtis@example.com,12/1/2023,45244
806,Kristen, Russell,45,Female,Sales,Analyst,kristen.russell@example.com,6/12/2024,62450
807,Yesenia,Bruce,50,Male,Finance,Coordinator,yesenia.bruce@example.com,6/8/2022,93700
808,Alexander , Smith,47,female,Operations,Manager,alexander.smith@example.com,4/24/2019,80705
809,Desiree,Perez,45,female,Finance,Manager,desiree.perez@example.com,4/18/2021,102925
810,Kelly,Lowe,32,Male,IT,Specialist,kelly.lowe@example.com,3/11/2018,68915
811,Juan,Mendez,24,female,IT,Coordinator,juan.mendez@example.com,1/11/2019,78541
812,Jared,Cole,28,Male,Marketing,Lead,jared.cole@example.com,3/20/2021,64053
813,Kimberly,Black,32,Female,Marketing,Coordinator,kimberly.black@example.com,7/7/2024,42793
814,Angela,Hanson,39,Female,Sales,Analyst,angela.hanson@example.com,10/27/2021,74100
815,Hunter,Lopez,51,Female,Sales,Engineer,hunter.lopez@example.com,9/5/2025,118441
816,Carlos,Jones,47,Female,HR,Lead,carlos.jones@example.com,6/13/2023,38430
817,Roy,Kelly,49,male,Finance,Engineer,roy.kelly@example.com,11/26/2022,106811
818,Frances , Sweeney,35,Female,Finance,Engineer,frances.sweeney@example.com,12/30/2019,103405
819,Kristen,Thompson,36,Female,Operations,Manager,kristen.thompson@example.com,10/20/2020,93215
820,Deanna , Wiggins,48,Female,Operations,Specialist,deanna.wiggins@example.com,5/10/2022,88733
821,Brandon,Duffy,33,Male,Marketing,Manager,brandon.duffy@example.com,7/16/2025,70799
822,Reginald,Caldwell,26,Male,Sales,Coordinator,reginald.caldwell@example.com,6/5/2022,62587
823,Bobby,Huang,27,Male,HR,Specialist,bobby.huang@example.com,3/27/2022,76414
824,Cynthia, Aguilar,43,female,HR,Analyst,cynthia.aguilar@example.com,11/2/2020,106015
825,Nicole,Henry,33,male,IT,Coordinator,nicole.henry@example.com,10/8/2025,119010
826,Jesus,Newman,22,female,Sales,Coordinator,jesus.newman@example.com,6/14/2022,62617
827,Jessica ,Rojas,21,Female,Finance,Analyst,jessica.rojas@example.com,6/9/2025,117909
828,Sarah ,Shannon,59,Male,Sales,Manager,sarah.shannon@example.com,5/15/2018,101337
829,Linda, Tate,48,female,IT,Coordinator,linda.tate@example.com,7/28/2025,77418
830,Dawn,Butler,30,Male,Sales,Coordinator,dawn.butler@example.com,6/14/2020,66250
831,Darin, Alvarez,42,Male,IT,Lead,darin.alvarez@example.com,2/2/2018,106835
832,Mark,Ward,21,Male,IT,Manager,mark.ward@example.com,3/27/2020,106871
833,Jeffrey,West,59,Female,Operations,Lead,jeffrey.west@example.com,7/22/2016,38917
834,Rebecca, Harris,34,Male,Operations,Engineer,rebecca.harris@example.com,12/11/2024,111524
835,Carol ,Newton,24,Female,Marketing,Specialist,carol.newton@example.com,1/22/2018,63173
836,Bryce, Carter,33,Male,HR,Specialist,bryce.carter@example.com,8/6/2019,71612
837,Christopher,Medina,53,male,Finance,Engineer,christopher.medina@example.com,9/2/2024,116068
838,Jesse,Medina,51,Female,Marketing,Specialist,jesse.medina@example.com,4/4/2024,46614
839,Amanda,Day,27,male,Marketing,Lead,amanda.day@example.com,9/5/2024,86518
840,John,Richardson,34,Male,HR,Manager,john.richardson@example.com,9/22/2023,82111
841,Tiffany, Sandoval,55,Female,HR,Coordinator,tiffany.sandoval@example.com,7/30/2018,45322
842,Haley ,Blair,37,Male,HR,Specialist,haley.blair@example.com,12/15/2019,69237
843,Alexandra, Mcbride,34,Female,Finance,Manager,alexandra.mcbride@example.com,8/15/2019,106214
844,Lisa,Barry,26,Male,Marketing,Manager,lisa.barry@example.com,8/26/2024,43946
845,Heather,Sullivan,28,Male,Marketing,Lead,heather.sullivan@example.com,7/18/2020,60685
846,Susan,Hill,30,Male,Operations,Lead,susan.hill@example.com,3/16/2018,80666
847,David,Jones,34,Female,Operations,Coordinator,david.jones@example.com,12/29/2015,118576
848,Courtney,Schwartz,32,Male,Sales,Analyst,courtney.schwartz@example.com,8/4/2017,43651
849,Elizabeth, Berger,51,Male,HR,Coordinator,elizabeth.berger@example.com,1/17/2024,57899
850,Kristen , Conley,30,male,Sales,Analyst,kristen.conley@example.com,11/10/2020,46815
851,David,Conrad,48,Male,IT,Specialist,david.conrad@example.com,2/26/2016,67232
852,John ,Schultz,48,female,Operations,Manager,john.schultz@example.com,5/8/2019,94540
853,Sean,Walters,45,Female,IT,Analyst,sean.walters@example.com,11/28/2018,87847
854,Daniel,Brown,52,Female,Finance,Lead,daniel.brown@example.com,1/29/2022,57360
855,Eileen,Lopez,45,female,Operations,Coordinator,eileen.lopez@example.com,3/12/2019,83788
856,Oscar,Gamble,54,Male,Finance,Coordinator,oscar.gamble@example.com,11/7/2015,95371
857,Ricardo,Martin,53,Female,HR,Manager,ricardo.martin@example.com,8/1/2023,37815
858,Susan,Humphrey,24,Female,Sales,Manager,susan.humphrey@example.com,2/5/2023,81848
859,Isaac,Lucas,40,Male,IT,Analyst,isaac.lucas@example.com,6/18/2019,73568
860,Anna ,Goodman,26,Male,IT,Specialist,anna.goodman@example.com,2/12/2019,117659
861,Jose,Robinson,59,Male,IT,Specialist,jose.robinson@example.com,3/13/2021,86916
862,Jeffery,Rogers,54,female,Sales,Manager,jeffery.rogers@example.com,9/26/2016,41611
863,Alicia , Berger,46,Male,Marketing,Analyst,alicia.berger@example.com,1/8/2017,110706
864,Matthew,Ross,29,Male,Marketing,Engineer,matthew.ross@example.com,6/17/2025,81554
865,Patrick,Nelson,34,Female,Marketing,Analyst,patrick.nelson@example.com,5/22/2024,68623
866,Mary ,Dawson,42,Male,HR,Coordinator,mary.dawson@example.com,6/1/2020,85908
867,David,Turner,58,Female,IT,Lead,david.turner@example.com,10/16/2017,54318
868,Whitney,Smith,51,Female,Sales,Manager,whitney.smith@example.com,11/12/2015,42002
869,Meredith, Thomas,42,Male,Sales,Manager,meredith.thomas@example.com,6/21/2021,101842
870,Jeffrey,Lucero,47,Female,IT,Coordinator,jeffrey.lucero@example.com,10/27/2018,54709
871,Jessica,Cardenas,25,Male,Finance,Manager,jessica.cardenas@example.com,11/27/2017,112196
872,Amy,Lindsey,54,Male,Marketing,Coordinator,amy.lindsey@example.com,3/2/2020,109769
873,Elizabeth,Cabrera,22,Male,Sales,Lead,elizabeth.cabrera@example.com,9/4/2025,77320
874,Brian,Edwards,56,Female,Finance,Lead,brian.edwards@example.com,11/27/2024,98929
875,Susan,Schmidt,28,Male,Operations,Coordinator,susan.schmidt@example.com,8/1/2023,64626
876,Andrew ,Jackson,28,Female,HR,Specialist,andrew.jackson@example.com,12/3/2019,58199
877,Lori,Turner,51,Female,Operations,Lead,lori.turner@example.com,6/8/2025,117260
878,Alicia,Morrow,42,female,Sales,Specialist,alicia.morrow@example.com,1/11/2020,111137
879,Michelle,Ibarra,34,Male,IT,Engineer,michelle.ibarra@example.com,10/13/2021,46649
880,Keith,Pace,57,Male,HR,Analyst,keith.pace@example.com,1/16/2024,92745
881,Caleb,Wilson,46,Male,Marketing,Coordinator,caleb.wilson@example.com,4/8/2024,118518
882,Maxwell,Porter,21,Male,HR,Manager,maxwell.porter@example.com,3/5/2017,65473
883,Roberto,Rodriguez,30,female,Marketing,Analyst,roberto.rodriguez@example.com,10/29/2020,49770
884,Tara, Potter,56,male,IT,Manager,tara.potter@example.com,6/28/2022,116288
885,Christine ,Warren,53,male,Finance,Analyst,christine.warren@example.com,8/2/2022,57083
886,Aaron ,Swanson,50,male,HR,Manager,aaron.swanson@example.com,10/12/2018,50399
887,Christopher,Stewart,22,Female,Operations,Manager,christopher.stewart@example.com,2/17/2025,101730
888,Regina ,Stephens,30,Male,IT,Manager,regina.stephens@example.com,11/11/2020,53214
889,Alicia,Whitaker,57,Male,Finance,Lead,alicia.whitaker@example.com,1/31/2017,51814
890,Austin,Davis,54,male,Marketing,Engineer,austin.davis@example.com,4/5/2020,46575
891,Angela,Boyer,41,female,HR,Engineer,angela.boyer@example.com,7/19/2018,87037
892,Amber ,Williams,58,male,Sales,Coordinator,amber.williams@example.com,1/1/2025,118411
893,Ebony ,Powell,52,Female,Marketing,Lead,ebony.powell@example.com,2/28/2023,43446
894,Grace,Ross,38,male,Operations,Coordinator,grace.ross@example.com,6/5/2025,111943
895,Jeff,Greene,52,Female,Operations,Analyst,jeff.greene@example.com,9/7/2017,93517
896,Laura,Williams,58,male,HR,Engineer,laura.williams@example.com,11/13/2015,58106
897,Doris , Dunn,22,female,HR,Manager,doris.dunn@example.com,11/16/2017,115825
898,Erin ,Freeman,39,Male,Finance,Analyst,erin.freeman@example.com,10/27/2020,38108
899,Amy,Henson,28,female,Marketing,Manager,amy.henson@example.com,1/9/2025,98848
900,Arthur, Arnold,59,Male,Operations,Lead,arthur.arnold@example.com,5/1/2023,97294
901,Gina,Phillips,32,female,HR,Coordinator,gina.phillips@example.com,7/22/2024,101124
902,Pamela, Morales,60,Female,Finance,Lead,pamela.morales@example.com,5/10/2019,81945
903,Kim ,Watkins,60,female,HR,Engineer,kim.watkins@example.com,11/17/2018,104678
904,Patricia,Edwards,48,Female,HR,Lead,patricia.edwards@example.com,3/16/2024,62730
905,Anthony,Campos,56,Female,IT,Specialist,anthony.campos@example.com,2/12/2017,71790
906,William,Stewart,26,Female,Marketing,Coordinator,william.stewart@example.com,4/8/2022,80574
907,Michael ,Mills,28,Male,Marketing,Manager,michael.mills@example.com,4/18/2024,36454
908,Gail,Gay,24,male,HR,Coordinator,gail.gay@example.com,11/10/2022,48604
909,Kelsey,Rivas,32,female,IT,Specialist,kelsey.rivas@example.com,3/27/2021,71677
910,Rachel,White,48,female,Marketing,Coordinator,rachel.white@example.com,2/1/2023,50277
911,James ,Day,50,Male,Finance,Analyst,james.day@example.com,5/29/2016,39690
912,Jessica,Harmon,22,Female,Sales,Coordinator,jessica.harmon@example.com,3/16/2024,58105
913,Maria,Pruitt,35,Male,Sales,Lead,maria.pruitt@example.com,12/21/2020,63793
914,Michael, Valdez,46,Female,Sales,Manager,michael.valdez@example.com,10/17/2018,37066
915,Robin ,Austin,40,Female,Marketing,Engineer,robin.austin@example.com,10/4/2017,115183
916,Christopher, Beard,53,male,Sales,Specialist,christopher.beard@example.com,8/20/2023,90838
917,Michael, Davis,24,female,Finance,Coordinator,michael.davis@example.com,12/9/2017,93951
918,Hannah,Copeland,24,Female,Operations,Lead,hannah.copeland@example.com,12/17/2021,87188
919,Courtney,Andrews,32,Male,HR,Specialist,courtney.andrews@example.com,11/12/2016,90746
920,Daniel, Harris,30,Female,Marketing,Engineer,daniel.harris@example.com,9/2/2018,57511
921,Jenna,Young,31,Male,Marketing,Manager,jenna.young@example.com,12/1/2018,93128
922,Ronald,Hansen,41,Male,Operations,Coordinator,ronald.hansen@example.com,8/27/2016,82978
923,Kevin , Smith,51,Female,Sales,Manager,kevin.smith@example.com,9/25/2023,40017
924,Christina,Stephens,35,Female,Sales,Engineer,christina.stephens@example.com,12/16/2021,89727
925,Brenda,Johnson,21,Female,Finance,Engineer,brenda.johnson@example.com,12/21/2018,101628
926,Shannon,Cooper,51,Female,Finance,Manager,shannon.cooper@example.com,2/9/2020,69675
927,William, Hunt,24,male,Operations,Coordinator,william.hunt@example.com,11/3/2025,55284
928,Julie,Carr,41,Male,HR,Lead,julie.carr@example.com,8/11/2023,87662
929,Rhonda, Cannon,38,Female,HR,Specialist,rhonda.cannon@example.com,5/13/2019,77652
930,Connor,Lindsey,35,Male,Operations,Engineer,connor.lindsey@example.com,11/3/2019,102285
931,Susan,Lindsey,54,male,Marketing,Manager,susan.lindsey@example.com,7/1/2022,119621
932,Lisa,Kane,42,Male,Marketing,Analyst,lisa.kane@example.com,3/21/2017,99391
933,Victor,Curry,48,male,Marketing,Engineer,victor.curry@example.com,3/14/2017,108233
934,Christopher, Jones,28,Female,IT,Coordinator,christopher.jones@example.com,3/30/2021,86396
935,Shannon,Spencer,48,male,Marketing,Lead,shannon.spencer@example.com,1/26/2024,51631
936,Misty, Shaffer,21,female,HR,Coordinator,misty.shaffer@example.com,5/9/2020,66635
937,Morgan,Nichols,48,Female,Operations,Analyst,morgan.nichols@example.com,2/9/2022,85896
938,Alexa,Simpson,55,female,Operations,Manager,alexa.simpson@example.com,1/25/2023,65056
939,Mckenzie,Bell,26,Male,Marketing,Lead,mckenzie.bell@example.com,4/19/2018,87810
940,Tiffany,Allen,42,Male,Finance,Coordinator,tiffany.allen@example.com,8/7/2024,110745
941,Douglas,Perkins,34,Male,IT,Analyst,douglas.perkins@example.com,7/14/2021,95659
942,Jacob ,Hamilton,53,Male,Operations,Coordinator,jacob.hamilton@example.com,8/28/2024,67980
943,Diane, Barnes,37,female,IT,Lead,diane.barnes@example.com,12/1/2015,72952
944,Bryan,Thompson,45,Male,HR,Manager,bryan.thompson@example.com,7/30/2021,98537
945,Melissa ,Richards,28,male,Sales,Specialist,melissa.richards@example.com,6/16/2019,117824
946,Lindsey, Carr,38,Female,IT,Analyst,lindsey.carr@example.com,7/27/2016,98435
947,Phillip,Morris,22,female,Marketing,Analyst,phillip.morris@example.com,11/2/2021,119866
948,John, Monroe,22,Male,Operations,Lead,john.monroe@example.com,5/20/2019,85037
949,Ryan,Rhodes,47,Male,Operations,Engineer,ryan.rhodes@example.com,10/24/2017,99919
950,Sonya,Carroll,48,Female,HR,Specialist,sonya.carroll@example.com,1/31/2018,107331
951,William,Fernandez,45,Female,Operations,Analyst,william.fernandez@example.com,11/30/2024,75881
952,Anne,Boyd,60,Male,HR,Analyst,anne.boyd@example.com,9/4/2024,72687
953,Daniel,Martinez,46,female,Operations,Analyst,daniel.martinez@example.com,5/25/2018,48250
954,John,Lewis,55,Female,Marketing,Specialist,john.lewis@example.com,5/6/2021,56334
955,James,Richardson,25,male,Marketing,Lead,james.richardson@example.com,6/30/2023,38910
956,Joseph ,Flores,47,female,HR,Analyst,joseph.flores@example.com,8/28/2022,98384
957,Kyle, Fowler,25,Male,Sales,Manager,kyle.fowler@example.com,10/17/2024,103235
958,Kari,Martinez,47,Male,HR,Coordinator,kari.martinez@example.com,10/9/2016,118252
959,Alyssa,Murray,22,Male,HR,Analyst,alyssa.murray@example.com,4/16/2019,42834
960,Heather ,West,51,male,Sales,Lead,heather.west@example.com,10/10/2017,98252
961,Jeffrey,Bell,44,male,HR,Lead,jeffrey.bell@example.com,9/2/2017,42574
962,Anna,Allison,56,Male,HR,Lead,anna.allison@example.com,3/26/2025,38523
963,Joshua,Anderson,31,male,Sales,Analyst,joshua.anderson@example.com,8/16/2019,52679
964,Lauren,Serrano,40,male,HR,Lead,lauren.serrano@example.com,10/12/2019,71026
965,Donald ,Chang,31,Male,IT,Analyst,donald.chang@example.com,9/11/2017,74840
966,Mark,Martin,48,Female,Operations,Specialist,mark.martin@example.com,11/8/2020,68451
967,Timothy,Wheeler,38,Male,IT,Manager,timothy.wheeler@example.com,6/18/2018,59808
968,Andrew,Blackwell,60,Female,HR,Analyst,andrew.blackwell@example.com,4/14/2023,116771
969,Paul ,Lopez,22,Male,IT,Manager,paul.lopez@example.com,4/14/2023,71540
970,Melanie,Ferguson,46,female,IT,Manager,melanie.ferguson@example.com,7/1/2017,65520
971,Lawrence,Robinson,33,female,Operations,Engineer,lawrence.robinson@example.com,4/11/2025,59527
972,Logan,Rodriguez,40,Female,IT,Lead,logan.rodriguez@example.com,3/8/2020,118605
973,Megan ,Sexton,54,Female,Finance,Engineer,megan.sexton@example.com,3/5/2020,119548
974,Sara , Grant,38,Male,Operations,Analyst,sara.grant@example.com,1/12/2025,47286
975,Johnny, Thompson,31,female,Marketing,Manager,johnny.thompson@example.com,1/26/2016,44419
976,Vanessa,Hill,49,Male,IT,Manager,vanessa.hill@example.com,12/31/2019,86464
977,Ross, Shah,49,Male,Operations,Engineer,ross.shah@example.com,2/25/2022,36084
978,Diane ,Bell,45,Female,Marketing,Engineer,diane.bell@example.com,7/2/2021,89936
979,Ryan,Williams,28,Female,HR,Coordinator,ryan.williams@example.com,7/17/2017,68709
980,John,Howard,22,male,IT,Engineer,john.howard@example.com,6/30/2024,109152
981,Angela,Bailey,52,Male,IT,Coordinator,angela.bailey@example.com,7/23/2024,100733
982,William, Jones,40,female,Sales,Engineer,william.jones@example.com,8/30/2021,107992
983,Elizabeth,Howell,42,Male,Operations,Manager,elizabeth.howell@example.com,5/26/2019,41561
984,Emily,Henderson,38,Male,Finance,Engineer,emily.henderson@example.com,10/25/2024,45040
985,Darrell,Jones,55,Female,Operations,Specialist,darrell.jones@example.com,5/21/2022,46809
986,Alyssa, Foster,44,female,HR,Manager,alyssa.foster@example.com,4/2/2019,45363
987,Jessica ,Black,57,Female,IT,Analyst,jessica.black@example.com,5/23/2021,104382
988,Mark ,Christensen,58,Male,Marketing,Manager,mark.christensen@example.com,1/9/2023,64224
989,David, Ward,38,female,HR,Lead,david.ward@example.com,2/16/2024,44637
990,Christina,Potts,33,male,IT,Manager,christina.potts@example.com,7/28/2024,74530
991,Paul,Barber,51,male,Sales,Specialist,paul.barber@example.com,12/18/2015,67378
992,Clayton,Barry,33,female,IT,Coordinator,clayton.barry@example.com,4/9/2020,118228
993,Samantha,Romero,29,Male,IT,Engineer,samantha.romero@example.com,1/2/2022,44145
994,Tara,Zimmerman,50,male,IT,Lead,tara.zimmerman@example.com,11/3/2019,62542
995,Jacqueline,Marquez,49,Male,IT,Manager,jacqueline.marquez@example.com,7/11/2020,84588
996,Kelsey, Davis,42,Male,IT,Lead,kelsey.davis@example.com,10/27/2020,87850
997,Nicholas,Garcia,50,female,HR,Manager,nicholas.garcia@example.com,7/22/2020,40276
998,Heather, Johnson,40,female,HR,Specialist,heather.johnson@example.com,5/18/2024,104401
999,Tina,Reed,55,Female,IT,Coordinator,tina.reed@example.com,9/28/2016,105403
1000,Raven, Austin,42,Female,IT,Engineer,raven.austin@example.com,6/7/2020,61804
